date,time,UE3_gyro_x,UE3_gyro_y,UE3_gyro_z
2018-12-13,04:22:36.877,0.1071167,0.25839233,0.014160156
2018-12-13,04:22:36.881,0.21470642,0.38516235,-0.010330200000000001
2018-12-13,04:22:36.885,0.33613586,-0.12403869999999999,0.025878906
2018-12-13,04:22:36.889,0.37661743,-0.014312743999999999,0.016296387
2018-12-13,04:22:36.904,0.36489868,0.020843506,0.008834839
2018-12-13,04:22:36.909,0.32336426,0.035751343,-0.019927979
2018-12-13,04:22:36.988,0.2839508,0.10713196,-0.020980835
2018-12-13,04:22:37.029,0.26156616,0.14334106,-0.0082092285
2018-12-13,04:22:37.033,0.20724487,0.07197571,-0.0028839111
2018-12-13,04:22:37.036,0.12309265,0.030426025,-0.0028839111
2018-12-13,04:22:37.044,0.02508545,0.014450073,0.012039185
2018-12-13,04:22:37.049,-0.079315186,-0.049468994,0.033340454
2018-12-13,04:22:37.053,-0.16133118,-0.08781433,0.05038452
2018-12-13,04:22:37.057,-0.23057556,-0.07395935,0.06636047
2018-12-13,04:22:37.061,-0.3157959,-0.08248901,0.07382202
2018-12-13,04:22:37.064,-0.37971497,-0.015380858999999998,0.06742859
2018-12-13,04:22:37.099,-0.40847778,-0.018569946,0.06529236
2018-12-13,04:22:37.101,-0.34669495,-0.014312743999999999,0.0642395
2018-12-13,04:22:37.104,-0.19541931,-0.051589965999999994,0.0642395
2018-12-13,04:22:37.110,-0.006866455,-0.11444092,0.0642395
2018-12-13,04:22:37.112,0.13160706,-0.15280151,0.05996704
2018-12-13,04:22:37.115,0.17529297,-0.14001465,0.0642395
2018-12-13,04:22:37.117,0.1348114,-0.16131592,0.068496704
2018-12-13,04:22:37.120,0.044265747,-0.16131592,0.06956482
2018-12-13,04:22:37.124,-0.06439209,-0.13362122,0.0642395
2018-12-13,04:22:37.151,-0.14961243,-0.09313965,0.04399109
2018-12-13,04:22:37.153,-0.21566772,-0.075027466,0.028015137000000002
2018-12-13,04:22:37.156,-0.2518921,0.08369446,0.045059204000000005
2018-12-13,04:22:37.158,-0.23803711,0.04534912,0.05570984
2018-12-13,04:22:37.163,-0.16027832,-0.014312743999999999,0.045059204000000005
2018-12-13,04:22:37.165,-0.09210205,-0.045196533,0.035476685
2018-12-13,04:22:37.205,-0.023925781,0.009124756,0.037597656
2018-12-13,04:22:37.207,0.047454834,0.028305054,0.035476685
2018-12-13,04:22:37.210,0.09751892,0.012313843,0.020553589
2018-12-13,04:22:37.236,0.12095642,0.021911621000000003,0.0045776367
2018-12-13,04:22:37.239,0.06768799,0.079437256,0.020553589
2018-12-13,04:22:37.242,0.04852295,0.027236938,0.0152282715
2018-12-13,04:22:37.244,0.04319763,-0.008987427,0.006713866999999999
2018-12-13,04:22:37.247,0.02508545,-0.012176514,0.013107299999999997
2018-12-13,04:22:37.252,0.0027160645,-0.008987427,0.013107299999999997
2018-12-13,04:22:37.296,-0.0058135986,-0.019638062,0.016296387
2018-12-13,04:22:37.298,-0.011138916,-0.033493042,0.017364502
2018-12-13,04:22:37.301,-0.018585205,-0.059051514000000006,0.020553589
2018-12-13,04:22:37.322,-0.033508300000000005,-0.08248901,0.026947021
2018-12-13,04:22:37.324,-0.048416138,-0.08781433,0.033340454
2018-12-13,04:22:37.325,-0.05694580000000001,-0.07395935,0.033340454
2018-12-13,04:22:37.327,-0.053741455,-0.06224059999999999,0.029083252
2018-12-13,04:22:37.329,-0.02178955,-0.047332764000000006,0.029083252
2018-12-13,04:22:37.341,0.03466797,-0.042007446,0.031204224
2018-12-13,04:22:37.370,0.08580017,-0.042007446,0.03227234
2018-12-13,04:22:37.372,0.108169556,-0.035614014,0.033340454
2018-12-13,04:22:37.374,0.10072327,-0.022827148,0.03440857
2018-12-13,04:22:37.398,0.06982422,-0.010055541999999999,0.033340454
2018-12-13,04:22:37.401,0.018692017,-0.00045776367,0.033340454
2018-12-13,04:22:37.404,-0.033508300000000005,0.013381958000000001,0.028015137000000002
2018-12-13,04:22:37.427,-0.07824707,0.024032592999999998,0.023757935
2018-12-13,04:22:37.429,-0.09529114,0.030426025,0.016296387
2018-12-13,04:22:37.431,-0.07398987,0.03149414,0.006713866999999999
2018-12-13,04:22:37.451,-0.014328003,0.01977539,-0.0060729980000000005
2018-12-13,04:22:37.457,0.06768799,0.013381958000000001,-0.017791748
2018-12-13,04:22:37.460,0.14332579999999998,0.013381958000000001,-0.026321411
2018-12-13,04:22:37.503,0.19126892,0.014450073,-0.032699585
2018-12-13,04:22:37.505,0.19978333,0.02935791,-0.0337677
2018-12-13,04:22:37.507,0.17208862,0.04107666,-0.028442382999999998
2018-12-13,04:22:37.509,0.119888306,0.060256958,-0.023117065
2018-12-13,04:22:37.511,0.05278015,0.07411194,-0.012466431000000002
2018-12-13,04:22:37.532,-0.013259888000000001,0.086883545,-0.0039367676
2018-12-13,04:22:37.534,-0.07505798,0.09541321,0.0024414061999999998
2018-12-13,04:22:37.541,-0.124053955,0.08795166,0.006713866999999999
2018-12-13,04:22:37.567,-0.14855957,0.053863525,0.009902954
2018-12-13,04:22:37.585,-0.14216614,0.035751343,0.010971068999999998
2018-12-13,04:22:37.587,-0.11659241,0.014450073,0.009902954
2018-12-13,04:22:37.589,-0.08782959,-0.005783081,0.010971068999999998
2018-12-13,04:22:37.594,-0.06227112,-0.024963378999999997,0.012039185
2018-12-13,04:22:37.615,-0.033508300000000005,-0.039871216,0.014160156
2018-12-13,04:22:37.617,0.0016479492000000002,-0.042007446,0.019485474
2018-12-13,04:22:37.622,0.036804199999999995,-0.039871216,0.02268982
2018-12-13,04:22:37.645,0.05278015,-0.024963378999999997,0.029083252
2018-12-13,04:22:37.647,0.047454834,-0.015380858999999998,0.03440857
2018-12-13,04:22:37.683,0.02508545,-0.019638062,0.03866577
2018-12-13,04:22:37.684,-0.0015411377,-0.029220581000000002,0.039733887
2018-12-13,04:22:37.686,-0.022857666000000002,-0.04093933,0.039733887
2018-12-13,04:22:37.688,-0.034576416,-0.04840088,0.041870117000000005
2018-12-13,04:22:37.704,-0.039901732999999995,-0.05479431,0.042922974
2018-12-13,04:22:37.706,-0.034576416,-0.051589965999999994,0.045059204000000005
2018-12-13,04:22:37.713,-0.032440186,-0.045196533,0.047195435
2018-12-13,04:22:37.726,-0.042022705,-0.037750244,0.04612732
2018-12-13,04:22:37.742,-0.053741455,-0.026031494,0.045059204000000005
2018-12-13,04:22:37.759,-0.058013916,-0.014312743999999999,0.045059204000000005
2018-12-13,04:22:37.762,-0.06652832,-0.017501831000000002,0.041870117000000005
2018-12-13,04:22:37.764,-0.07185364,-0.023895264,0.039733887
2018-12-13,04:22:37.777,-0.06333923,-0.028152466,0.03440857
2018-12-13,04:22:37.792,-0.05055237,-0.019638062,0.031204224
2018-12-13,04:22:37.794,-0.046295166,-0.011108398,0.031204224
2018-12-13,04:22:37.808,-0.05055237,0.0006103515599999999,0.03227234
2018-12-13,04:22:37.813,-0.067596436,0.013381958000000001,0.035476685
2018-12-13,04:22:37.825,-0.09422302,0.037887573,0.03866577
2018-12-13,04:22:37.855,-0.12086487,0.05279541,0.040802002000000004
2018-12-13,04:22:37.856,-0.14216614,0.06983948,0.040802002000000004
2018-12-13,04:22:37.858,-0.15600586,0.079437256,0.035476685
2018-12-13,04:22:37.871,-0.14749146,0.07411194,0.030151367000000002
2018-12-13,04:22:37.874,-0.11552429,0.065582275,0.02482605
2018-12-13,04:22:37.893,-0.059066772000000003,0.06451416,0.017364502
2018-12-13,04:22:37.894,0.008041382,0.05067444,0.010971068999999998
2018-12-13,04:22:37.909,0.06982422,0.04321289,0.0045776367
2018-12-13,04:22:37.914,0.09751892,0.02935791,0.0035095215000000004
2018-12-13,04:22:37.943,0.09965515,0.028305054,0.0045776367
2018-12-13,04:22:37.944,0.086868286,0.036819458,0.008834839
2018-12-13,04:22:38.050,-0.05694580000000001,-0.06758118,0.04931640599999999
2018-12-13,04:22:38.159,-0.02178955,0.0155181885,0.06317139
2018-12-13,04:22:38.254,-0.030303955,0.03895569,0.06210327
2018-12-13,04:22:38.347,0.04319763,-0.0079193115,0.042922974
2018-12-13,04:22:38.447,-0.10380554,0.014450073,0.07807922
2018-12-13,04:22:38.547,-0.026046753,0.013381958000000001,0.017364502
2018-12-13,04:22:38.648,-0.022857666000000002,-0.0015258789000000001,-0.017791748
2018-12-13,04:22:38.749,-0.06971741,0.15826416,-0.0060729980000000005
2018-12-13,04:22:38.850,-0.14749146,-0.1559906,-0.016723633
2018-12-13,04:22:38.949,-0.19116211,0.012313843,0.09512329
2018-12-13,04:22:39.082,0.19766235,0.006988525400000001,0.07914734
2018-12-13,04:22:39.155,0.006973266600000001,-0.017501831000000002,0.03440857
2018-12-13,04:22:39.252,0.008041382,0.059188843,-0.052947997999999996
2018-12-13,04:22:39.353,-0.04096985,0.075164795,-0.049743652
2018-12-13,04:22:39.452,0.16143799,0.02935791,-0.12005615
2018-12-13,04:22:39.552,0.32441709999999996,-0.15385437,-0.26493835
2018-12-13,04:22:39.652,-0.01965332,-0.1091156,-0.24362183
2018-12-13,04:22:39.752,0.13374329,-0.14427185,-0.24468994
2018-12-13,04:22:39.854,-0.23164368,0.07304382,-0.21166992
2018-12-13,04:22:39.972,-0.08357239,0.126297,-0.1083374
2018-12-13,04:22:40.057,-0.22418213,-0.086746216,-0.16586304
2018-12-13,04:22:40.189,0.0644989,-0.28915405,-0.069992065
2018-12-13,04:22:40.254,0.020828247,-0.00045776367,0.02268982
2018-12-13,04:22:40.357,0.011230469,-0.03135681,-0.020980835
2018-12-13,04:22:40.456,-0.05267334,0.11352539,-0.056137085
2018-12-13,04:22:40.556,0.16569519,0.24028015,-0.08810425
2018-12-13,04:22:40.657,-0.058013916,-0.029220581000000002,-0.18290710000000002
2018-12-13,04:22:40.758,-0.27638245,-0.22842407,-0.3000946
2018-12-13,04:22:40.871,-0.030303955,-0.16452026,-0.40873718
2018-12-13,04:22:40.965,-0.06439209,-0.1602478,-0.37252808
2018-12-13,04:22:41.065,0.20085144,-0.09207153,-0.31925964
2018-12-13,04:22:41.159,0.07408142,0.1497345,-0.31925964
2018-12-13,04:22:41.259,0.45758057,-0.11657715,-0.114730835
2018-12-13,04:22:41.360,-0.14535522,0.02935791,0.06210327
2018-12-13,04:22:41.461,0.021881104,-0.010055541999999999,0.169693
2018-12-13,04:22:41.561,-0.01965332,-0.05053711,0.15904236
2018-12-13,04:22:41.662,0.0836792,0.051742554,0.18247986
2018-12-13,04:22:41.778,0.24984741,0.02935791,0.28474426
2018-12-13,04:22:41.869,0.15504456,0.059188843,0.3230896
2018-12-13,04:22:41.965,-0.07824707,0.25413513,0.36889648
2018-12-13,04:22:42.066,-0.24868774,0.31484985,0.42962646
2018-12-13,04:22:42.164,-0.033508300000000005,-0.026031494,0.31350708
2018-12-13,04:22:42.265,-0.010070800999999999,0.006988525400000001,0.20803833
2018-12-13,04:22:42.365,0.22747803,0.034698486,0.16223145
2018-12-13,04:22:42.466,0.03466797,-0.11657715,0.0024414061999999998
2018-12-13,04:22:42.566,-0.67160034,0.14334106,-0.07106018
2018-12-13,04:22:42.683,0.35212708,0.15505981,-0.09661865
2018-12-13,04:22:42.775,-0.006866455,-0.16345215,-0.24789429
2018-12-13,04:22:42.870,0.030410767000000002,-0.21032715,-0.100875854
2018-12-13,04:22:42.966,0.075149536,-0.11550903,-0.03590393
2018-12-13,04:22:43.067,-0.0047454834,-0.005783081,-0.10408019999999998
2018-12-13,04:22:43.168,0.23707579999999998,0.10713196,-0.051879882999999995
2018-12-13,04:22:43.270,0.20298767,0.067718506,-0.03164673
2018-12-13,04:22:43.369,-0.3584137,0.15719604,0.05357361
2018-12-13,04:22:43.470,-0.18583679,0.03895569,0.19526672
2018-12-13,04:22:43.588,0.12841797,-0.22309875,0.14945984
2018-12-13,04:22:43.678,-0.028182982999999998,0.036819458,0.23361206
2018-12-13,04:22:43.775,0.22109985,0.12843323,0.2016449
2018-12-13,04:22:43.871,0.20831299,0.2754364,0.10044861
2018-12-13,04:22:43.971,-0.633255,0.012313843,-0.13391113
2018-12-13,04:22:44.072,0.24772644,0.0037994384999999998,-0.0039367676
2018-12-13,04:22:44.175,-0.06971741,-0.07183838,-0.03164673
2018-12-13,04:22:44.274,0.006973266600000001,-0.03881836,-0.12858582
2018-12-13,04:22:44.373,-0.12086487,0.011260986,-0.09768677
2018-12-13,04:22:44.488,0.04319763,-0.09207153,0.06103515599999999
2018-12-13,04:22:44.581,-0.006866455,-0.2571869,0.17927551
2018-12-13,04:22:44.677,-0.09954834,-0.0025939941,0.36143494
2018-12-13,04:22:44.774,0.21789551,-0.08888245,0.18354797
2018-12-13,04:22:44.874,-0.16560364,0.089019775,0.12388611
2018-12-13,04:22:44.975,0.049591064000000004,0.0016632079999999998,0.051452637
2018-12-13,04:22:45.076,-0.04522705,0.06239319,-0.044418335
2018-12-13,04:22:45.177,0.0879364,-0.06437683,-0.20848083
2018-12-13,04:22:45.278,-0.009002686,-0.10272217,-0.26387024
2018-12-13,04:22:45.396,0.16462708,-0.13894653,-0.17758179
2018-12-13,04:22:45.485,-0.12512207,0.21897888,-0.06573486
2018-12-13,04:22:45.581,0.05278015,-0.0036621094,-0.02418518
2018-12-13,04:22:45.679,0.042129517000000005,0.044281006,0.026947021
2018-12-13,04:22:45.779,-0.07611084,0.010192871,0.06317139
2018-12-13,04:22:45.880,0.012298584,-0.030288696,0.17608643
2018-12-13,04:22:45.979,-0.14855957,-0.03881836,0.15264893
2018-12-13,04:22:46.080,0.08900452,-0.051589965999999994,0.18354797
2018-12-13,04:22:46.181,-0.036697388,0.005935669,0.21549988
2018-12-13,04:22:46.281,0.23387146,-0.04626465,0.20378113
2018-12-13,04:22:46.398,0.17102051,-0.22309875,0.11430359
2018-12-13,04:22:46.489,0.20831299,0.10606384,-0.06253052
2018-12-13,04:22:46.583,-0.28170776,-0.14640808,-0.114730835
2018-12-13,04:22:46.684,-0.40101624,-0.09420776,-0.13923645
2018-12-13,04:22:46.783,0.3862152,0.15505981,-0.11366272
2018-12-13,04:22:46.884,-0.31047058,-0.10060119999999999,-0.19355774
2018-12-13,04:22:46.985,0.3116455,-0.45852659999999995,-0.19676208
2018-12-13,04:22:47.084,-0.079315186,0.16038513,0.07489014
2018-12-13,04:22:47.186,0.24559021,0.089019775,0.10151672
2018-12-13,04:22:47.301,-0.00048828125,0.011260986,0.12388611
2018-12-13,04:22:47.386,-0.5821228,0.04534912,0.12069702
2018-12-13,04:22:47.490,0.3425293,-0.017501831000000002,0.03227234
2018-12-13,04:22:47.587,-0.04522705,-0.059051514000000006,0.10044861
2018-12-13,04:22:47.687,0.13053894,-0.31364440000000005,-0.03164673
2018-12-13,04:22:47.788,-0.08357239,0.075164795,0.023757935
2018-12-13,04:22:47.889,0.08580017,0.14440918,-0.093429565
2018-12-13,04:22:47.989,0.2924652,0.036819458,-0.34802246
2018-12-13,04:22:48.090,-0.9123535,0.12950134,-0.24256897
2018-12-13,04:22:48.197,0.08047485,0.1774292,0.00032043457000000003
2018-12-13,04:22:48.298,0.4362793,0.063446045,-0.048690795999999995
2018-12-13,04:22:48.393,0.057037354000000005,0.14228821,0.03227234
2018-12-13,04:22:48.490,-0.022857666000000002,0.114593506,0.026947021
2018-12-13,04:22:48.591,-0.047348022000000003,0.07623291,0.1462555
2018-12-13,04:22:48.692,-0.13790894,-0.08035278,0.06742859
2018-12-13,04:22:48.793,0.27967834,-0.0036621094,0.1462555
2018-12-13,04:22:48.892,-0.2518921,0.17637634,0.15264893
2018-12-13,04:22:48.993,0.06768799,0.04107666,-0.02418518
2018-12-13,04:22:49.109,0.098587036,-0.1325531,-0.036972046
2018-12-13,04:22:49.200,0.22747803,-0.12722778,-0.09022522
2018-12-13,04:22:49.296,0.06663513,-0.1368103,-0.17544556
2018-12-13,04:22:49.394,-0.20927429,-0.1794281,-0.13603210000000002
2018-12-13,04:22:49.495,-0.0803833,0.063446045,-0.079574585
2018-12-13,04:22:49.596,0.32655334,0.23602295,-0.014602661000000001
2018-12-13,04:22:49.696,0.08047485,0.091156006,-0.038024902
2018-12-13,04:22:49.797,0.017623901,0.086883545,0.0045776367
2018-12-13,04:22:49.897,-0.049484253,0.048538208,0.09938049
2018-12-13,04:22:50.014,-0.34455872,0.11564636,0.17076111
2018-12-13,04:22:50.104,0.33187866,-0.024963378999999997,0.10258484
2018-12-13,04:22:50.199,-0.11340332,0.07304382,0.13346863
2018-12-13,04:22:50.299,0.13906860000000001,-0.010055541999999999,0.040802002000000004
2018-12-13,04:22:50.399,-0.02178955,0.13482666,0.10684204
2018-12-13,04:22:50.499,-0.032440186,-0.25186157,0.00032043457000000003
2018-12-13,04:22:50.599,-0.29556274,-0.16664124,-0.03590393
2018-12-13,04:22:50.701,0.50657654,0.009124756,-0.11154175
2018-12-13,04:22:50.801,-0.20288086,-0.057983400000000004,-0.18930054
2018-12-13,04:22:50.920,0.094329834,0.0016632079999999998,-0.04548645
2018-12-13,04:22:51.001,0.06024169999999999,-0.23374939,0.02268982
2018-12-13,04:22:51.104,0.18913269,0.05706787,0.09832764
2018-12-13,04:22:51.203,-0.16986084,0.12736511,0.08233642599999999
2018-12-13,04:22:51.303,-0.27745056,0.22323608,0.15690613
2018-12-13,04:22:51.403,0.08580017,-0.13787842,0.11749267599999999
2018-12-13,04:22:51.504,0.04638672,-0.1368103,0.10470581
2018-12-13,04:22:51.604,0.022949219,0.079437256,0.0077667236
2018-12-13,04:22:51.705,0.004837035999999999,0.26585388,0.04931640599999999
2018-12-13,04:22:51.822,0.051712035999999996,-0.1559906,-0.1317749
2018-12-13,04:22:51.912,-0.9815978999999999,-0.09739685,-0.21166992
2018-12-13,04:22:52.007,-0.16133118,-0.28276062,-0.275589
2018-12-13,04:22:52.106,0.42456055,0.15080261,-0.13710022
2018-12-13,04:22:52.207,0.06663513,0.08369446,-0.0082092285
2018-12-13,04:22:52.307,0.006973266600000001,0.05279541,-0.0060729980000000005
2018-12-13,04:22:52.409,-0.0026092529999999997,0.25520325,0.10044861
2018-12-13,04:22:52.509,-0.12512207,0.08476257,0.14413452
2018-12-13,04:22:52.610,-0.5661316,0.27224729999999997,0.18566895
2018-12-13,04:22:52.726,-0.0026092529999999997,0.046401977999999997,-0.103012085
2018-12-13,04:22:52.818,0.25944520000000004,-0.2806244,-0.12112427
2018-12-13,04:22:52.912,0.09539795,-0.12936401,0.02482605
2018-12-13,04:22:53.010,0.11563110000000001,-0.023895264,0.072753906
2018-12-13,04:22:53.111,-0.15068054,-0.1794281,-0.041229247999999996
2018-12-13,04:22:53.211,-0.31900024,-0.22842407,-0.20527649
2018-12-13,04:22:53.312,0.37236023,0.09967041,-0.12858582
2018-12-13,04:22:53.413,-0.01965332,-0.0015258789000000001,-0.07106018
2018-12-13,04:22:53.513,0.21043396,0.16572571,0.03227234
2018-12-13,04:22:53.624,-0.10380554,0.18914795,0.119628906
2018-12-13,04:22:53.714,0.2732849,-0.04840088,0.07595825
2018-12-13,04:22:53.813,0.0037841796999999997,-0.19754028,-0.0007476806599999999
2018-12-13,04:22:53.914,-0.3892975,0.20300293,0.014160156
2018-12-13,04:22:54.014,-0.0036773682,-0.011108398,0.058914185
2018-12-13,04:22:54.114,0.42562866,-0.26890564,0.12281799
2018-12-13,04:22:54.215,0.20191956,-0.1794281,0.15158081
2018-12-13,04:22:54.315,-0.013259888000000001,-0.053726196,0.09300232
2018-12-13,04:22:54.416,-0.24229431,0.037887573,-0.0071411133
2018-12-13,04:22:54.522,-0.45002747,0.008056641,-0.06359863
2018-12-13,04:22:54.624,0.26583862,0.2743683,0.00032043457000000003
2018-12-13,04:22:54.719,-0.028182982999999998,-0.11125183,-0.14668274
2018-12-13,04:22:54.819,0.06556702,-0.06544495,-0.1232605
2018-12-13,04:22:54.919,0.03147888,-0.013244628999999999,-0.07424927
2018-12-13,04:22:55.021,0.24772644,0.028305054,-0.14881897
2018-12-13,04:22:55.120,0.05064392,-0.016448975,-0.0763855
2018-12-13,04:22:55.220,-0.40101624,0.10925293,0.040802002000000004
2018-12-13,04:22:55.321,-0.10594177,0.03149414,0.04824829
2018-12-13,04:22:55.439,0.059173584,-0.072906494,-0.011398315
2018-12-13,04:22:55.525,-0.012207031,-0.0025939941,0.039733887
2018-12-13,04:22:55.625,0.2605133,0.009124756,0.030151367000000002
2018-12-13,04:22:55.723,0.01550293,0.0048675537,-0.08917236
2018-12-13,04:22:55.823,-0.38291929999999996,-0.10485839999999998,-0.034835815
2018-12-13,04:22:55.924,0.3116455,-0.037750244,-0.012466431000000002
2018-12-13,04:22:56.024,-0.03137207,-0.16770935,0.03440857
2018-12-13,04:22:56.124,0.045318604000000005,0.09434509,-0.023117065
2018-12-13,04:22:56.301,-0.16560364,0.07623291,0.028015137000000002
2018-12-13,04:22:56.330,0.03466797,0.021911621000000003,-0.054016113
2018-12-13,04:22:56.434,0.041061400000000005,0.24562073,0.119628906
2018-12-13,04:22:56.528,-0.2135315,0.11671448,0.16011047
2018-12-13,04:22:56.628,0.22109985,0.037887573,0.12709045
2018-12-13,04:22:56.727,-0.42126465,0.09648132,0.10684204
2018-12-13,04:22:56.827,0.098587036,-0.086746216,-0.0071411133
2018-12-13,04:22:56.928,-0.028182982999999998,-0.19754028,0.028015137000000002
2018-12-13,04:22:57.030,0.03892517,0.06665039,-0.03590393
2018-12-13,04:22:57.129,0.013366699,0.100738525,-0.07745361
2018-12-13,04:22:57.246,-0.27319336,-0.015380858999999998,-0.07424927
2018-12-13,04:22:57.337,-0.09635925,-0.10272217,-0.18183899
2018-12-13,04:22:57.435,0.28288270000000004,0.37983704,-0.081710815
2018-12-13,04:22:57.531,0.053848267000000005,0.24028015,-0.034835815
2018-12-13,04:22:57.632,0.0059051514,0.005935669,-0.0028839111
2018-12-13,04:22:57.732,-0.13256836,-0.016448975,0.06103515599999999
2018-12-13,04:22:57.831,-0.330719,-0.1282959,0.0077667236
2018-12-13,04:22:57.932,0.25624084,-0.1602478,0.11216736
2018-12-13,04:22:58.033,-0.11552429,0.037887573,0.1665039
2018-12-13,04:22:58.140,0.35212708,-0.16238403,0.15478516
2018-12-13,04:22:58.242,-0.059066772000000003,-0.096328735,-0.0028839111
2018-12-13,04:22:58.338,-0.055877685999999996,0.25306702,-0.14349365
2018-12-13,04:22:58.436,-0.20501709,-0.015380858999999998,-0.35655212
2018-12-13,04:22:58.535,-0.39250183,-0.19007874,-0.3267212
2018-12-13,04:22:58.635,0.53108215,0.07411194,-0.25534058
2018-12-13,04:22:58.736,0.041061400000000005,0.063446045,-0.21485901
2018-12-13,04:22:58.837,0.075149536,0.21685791,0.016296387
2018-12-13,04:22:58.937,-0.091033936,0.03363037,0.11323547
2018-12-13,04:22:59.059,-0.012207031,0.07304382,0.23893738
2018-12-13,04:22:59.147,-0.18476868,-0.028152466,0.17715454
2018-12-13,04:22:59.241,0.009109497,0.10820007,0.2868805
2018-12-13,04:22:59.339,0.006973266600000001,0.05067444,0.25065613
2018-12-13,04:22:59.439,0.27116394,-0.15066528,0.15264893
2018-12-13,04:22:59.539,-0.15281677,-0.26678467,-0.042297363
2018-12-13,04:22:59.639,0.14758301,0.10499573,-0.21380615
2018-12-13,04:22:59.740,0.16569519,-0.047332764000000006,-0.45881653
2018-12-13,04:22:59.841,-0.73231506,-0.055862427,-0.62072754
2018-12-13,04:22:59.958,0.335083,0.20619202,-0.5546875
2018-12-13,04:23:00.043,-0.34455872,-0.17196655,-0.49290466
2018-12-13,04:23:00.141,0.09539795,-0.07716369999999999,-0.1317749
2018-12-13,04:23:00.243,-0.18583679,-0.07928467,0.16862488
2018-12-13,04:23:00.342,0.07408142,0.11885071,0.26556396
2018-12-13,04:23:00.444,0.016555786,0.24880981,0.38061523
2018-12-13,04:23:00.544,-0.098480225,0.024032592999999998,0.30285645
2018-12-13,04:23:00.644,0.16462708,0.11138916,0.39126587
2018-12-13,04:23:00.745,0.04638672,0.079437256,0.34333800000000003
2018-12-13,04:23:00.904,0.21470642,-0.13043213,0.22615051
2018-12-13,04:23:00.946,-0.009002686,-0.030288696,0.15158081
2018-12-13,04:23:01.050,0.20724487,0.098602295,-0.032699585
2018-12-13,04:23:01.146,0.019760132,-0.019638062,-0.28730774
2018-12-13,04:23:01.247,-0.32006836,-0.21351624,-0.27770996
2018-12-13,04:23:01.347,0.25837708,-0.063308716,-0.20420837
2018-12-13,04:23:01.448,-0.30302429999999997,-0.12083435,-0.17971802
2018-12-13,04:23:01.548,0.17634583,0.028305054,0.0013885498
2018-12-13,04:23:01.649,0.05064392,-0.04093933,0.12069702
2018-12-13,04:23:01.765,0.0687561,0.026168822999999997,0.22296143
2018-12-13,04:23:01.860,-0.11979675,0.26478577,0.28048706
2018-12-13,04:23:01.950,-0.50115967,0.2434845,0.30604553
2018-12-13,04:23:02.049,0.45011902,-0.25186157,0.16755676
2018-12-13,04:23:02.150,0.18487549,-0.14959717,0.04612732
2018-12-13,04:23:02.250,0.24559021,-0.121902466,-0.099823
2018-12-13,04:23:02.352,-0.08570862,-0.013244628999999999,-0.17225647
2018-12-13,04:23:02.452,-0.046295166,-0.029220581000000002,-0.31074524
2018-12-13,04:23:02.552,-0.26786804,-0.0345459,-0.26599120000000004
2018-12-13,04:23:02.666,0.28074646,-0.13468933,-0.21273804
2018-12-13,04:23:02.761,-0.05694580000000001,-0.0345459,-0.2564087
2018-12-13,04:23:02.854,0.04638672,0.14761353,-0.15200806
2018-12-13,04:23:02.954,-0.042022705,-0.04307556,-0.1232605
2018-12-13,04:23:03.054,0.096450806,0.010192871,-0.0007476806599999999
2018-12-13,04:23:03.155,-0.19223022,0.01977539,0.18460083
2018-12-13,04:23:03.256,-0.32218933,0.31059265,0.34973145
2018-12-13,04:23:03.356,0.33401490000000006,-0.019638062,0.16862488
2018-12-13,04:23:03.456,0.15078735,-0.10272217,0.10577392599999999
2018-12-13,04:23:03.576,0.25091553,-0.12403869999999999,0.0152282715
2018-12-13,04:23:03.673,0.14225769,-0.028152466,-0.11154175
2018-12-13,04:23:03.759,-0.027114867999999997,-0.110183716,-0.44070435
2018-12-13,04:23:03.858,-0.5149994000000001,0.05279541,-0.41087340000000006
2018-12-13,04:23:03.959,0.18380737,-0.023895264,-0.34483337
2018-12-13,04:23:04.059,0.084732056,0.065582275,-0.35760498
2018-12-13,04:23:04.159,0.016555786,0.08155823,-0.18930054
2018-12-13,04:23:04.260,-0.061203003,0.012313843,-0.041229247999999996
2018-12-13,04:23:04.361,0.12521362,-0.08888245,0.040802002000000004
2018-12-13,04:23:04.479,-0.12831116,-0.09420776,0.20803833
2018-12-13,04:23:04.568,-0.38078308,0.18489075,0.3380127
2018-12-13,04:23:04.665,0.25624084,-0.049468994,0.37210083
2018-12-13,04:23:04.763,0.29139709999999996,-0.13362122,0.19419861
2018-12-13,04:23:04.862,0.096450806,0.028305054,0.0013885498
2018-12-13,04:23:04.963,0.037872314,0.058120727999999997,-0.11791992
2018-12-13,04:23:05.063,-0.23057556,-0.09420776,-0.18183899
2018-12-13,04:23:05.164,-0.2646637,0.027236938,-0.40873718
2018-12-13,04:23:05.264,0.30418396,-0.010055541999999999,-0.41407776
2018-12-13,04:23:05.383,-0.027114867999999997,0.08155823,-0.25961304
2018-12-13,04:23:05.477,0.19552612,-0.1517334,-0.103012085
2018-12-13,04:23:05.574,-0.42445374,0.16572571,0.06956482
2018-12-13,04:23:05.666,-0.0015411377,0.13696289,0.04824829
2018-12-13,04:23:05.766,0.14120483,0.058120727999999997,0.15797424
2018-12-13,04:23:05.867,-0.12619019,0.13269043,0.19845581
2018-12-13,04:23:05.968,0.17741394,-0.032424927,0.107910156
2018-12-13,04:23:06.068,0.057037354000000005,-0.08355713,0.072753906
2018-12-13,04:23:06.169,0.117767334,-0.056915283,-0.025253296
2018-12-13,04:23:06.286,0.22322083,-0.16770935,-0.0806427
2018-12-13,04:23:06.375,0.10391235,-0.2305603,-0.261734
2018-12-13,04:23:06.471,-0.6556244000000001,0.06239319,-0.36399840000000006
2018-12-13,04:23:06.570,0.21789551,-0.02709961,-0.47904968
2018-12-13,04:23:06.670,0.19338989999999998,0.10606384,-0.35974120000000004
2018-12-13,04:23:06.770,0.13586426,0.01977539,-0.13923645
2018-12-13,04:23:06.871,0.020828247,-0.0079193115,-0.04336548
2018-12-13,04:23:06.972,0.051712035999999996,0.18063354,-0.05506897
2018-12-13,04:23:07.072,-0.0846405,0.061325073,-0.02418518
2018-12-13,04:23:07.188,-0.0058135986,0.102874756,0.014160156
2018-12-13,04:23:07.281,-0.31900024,0.13908386,-0.079574585
2018-12-13,04:23:07.377,0.1113739,-0.1368103,-0.23190308
2018-12-13,04:23:07.474,-0.14323425,-0.11125183,-0.16905212
2018-12-13,04:23:07.579,0.16995239999999998,-0.15812683,-0.23190308
2018-12-13,04:23:07.677,0.122024536,0.089019775,-0.47265625
2018-12-13,04:23:07.779,-0.49476624,-0.35839844,-0.45349120000000004
2018-12-13,04:23:07.938,0.10177612,0.08049011,-0.39276123
2018-12-13,04:23:07.977,0.19126892,0.35960388,-0.34269714
2018-12-13,04:23:08.099,-0.22738647,0.19554138,-0.29049683
2018-12-13,04:23:08.187,0.06768799,0.067718506,-0.19355774
2018-12-13,04:23:08.284,0.06768799,-0.08888245,0.02482605
2018-12-13,04:23:08.382,-0.08996582,-0.049468994,0.054641724
2018-12-13,04:23:08.480,0.21150208,-0.09207153,0.021621704
2018-12-13,04:23:08.583,-0.316864,0.13163757,-0.05506897
2018-12-13,04:23:08.680,0.13267517,-0.20925903,-0.32351685
2018-12-13,04:23:08.783,0.122024536,-0.05265808,-0.22764587
2018-12-13,04:23:08.883,0.15718079,-0.056915283,-0.31500244
2018-12-13,04:23:08.986,-0.10168457,0.10392761,-0.51953125
2018-12-13,04:23:09.087,-0.43830872,-0.19647217,-0.52485657
2018-12-13,04:23:09.185,-0.11872864,-0.21990967,-0.59942627
2018-12-13,04:23:09.283,0.16676329999999998,0.25520325,-0.5727996999999999
2018-12-13,04:23:09.383,-0.026046753,0.09967041,-0.37145996
2018-12-13,04:23:09.484,0.09539795,-0.072906494,-0.28942870000000004
2018-12-13,04:23:09.584,-0.067596436,0.028305054,-0.16693115
2018-12-13,04:23:09.684,-0.5640106,0.13269043,-0.07531738
2018-12-13,04:23:09.787,0.33294678,-0.020706177,-0.013534546000000001
2018-12-13,04:23:09.900,0.12948608,-0.19007874,-0.07745361
2018-12-13,04:23:09.995,0.14758301,-0.17196655,-0.124313354
2018-12-13,04:23:10.087,0.17741394,-0.09527588,-0.17651367
2018-12-13,04:23:10.186,-0.1666565,0.18382263,-0.34909058
2018-12-13,04:23:10.287,-0.059066772000000003,-0.03135681,-0.42366028
2018-12-13,04:23:10.387,0.29353333,-0.2816925,-0.35867309999999997
2018-12-13,04:23:10.487,-0.22099304,-0.110183716,-0.33630370000000004
2018-12-13,04:23:10.588,0.049591064000000004,0.006988525400000001,-0.13710022
2018-12-13,04:23:10.688,-0.3115387,0.20193481,-0.0039367676
2018-12-13,04:23:10.798,-0.04309082,0.11564636,-0.017791748
2018-12-13,04:23:10.903,0.23175049,-0.061187744,0.08340454
2018-12-13,04:23:10.990,-0.4180603,0.44055176,0.25598145
2018-12-13,04:23:11.089,0.48527527,-0.016448975,0.016296387
2018-12-13,04:23:11.194,0.094329834,-0.21670532,-0.18823242
2018-12-13,04:23:11.290,0.006973266600000001,-0.20819092,-0.2606659
2018-12-13,04:23:11.391,-0.020721436,-0.25506592,-0.29582214
2018-12-13,04:23:11.492,-0.05480957,-0.12083435,-0.45881653
2018-12-13,04:23:11.594,-0.3392334,0.13269043,-0.39808655
2018-12-13,04:23:11.707,0.34040833,0.009124756,-0.26705933
2018-12-13,04:23:11.802,-0.07824707,-0.1559906,-0.3789215
2018-12-13,04:23:11.895,0.15290833,0.16358948,-0.3075409
2018-12-13,04:23:11.995,-0.23057556,0.034698486,-0.2020874
2018-12-13,04:23:12.098,0.11563110000000001,-0.059051514000000006,-0.02204895
2018-12-13,04:23:12.195,-0.088897705,0.03895569,0.0056457519999999995
2018-12-13,04:23:12.298,-0.1592102,0.11352539,0.02482605
2018-12-13,04:23:12.399,-0.10594177,-0.0047302246,0.08766174
2018-12-13,04:23:12.499,0.24559021,-0.18901062,-0.0007476806599999999
2018-12-13,04:23:12.616,-0.035629272000000003,-0.11657715,0.08554077
2018-12-13,04:23:12.704,0.27967834,-0.084625244,0.030151367000000002
2018-12-13,04:23:12.799,-0.09742737,-0.09207153,-0.1552124
2018-12-13,04:23:12.899,-0.3584137,-0.25932312,-0.18504333
2018-12-13,04:23:12.999,0.30525208,0.19448853,-0.20848083
2018-12-13,04:23:13.100,-0.31793213,-0.12297058,-0.15200806
2018-12-13,04:23:13.200,-0.11659241,0.27650452,-0.0028839111
2018-12-13,04:23:13.301,-0.11872864,0.13163757,0.08340454
2018-12-13,04:23:13.401,0.039993286,0.13269043,0.0056457519999999995
2018-12-13,04:23:13.520,0.08154297,0.05279541,-0.032699585
2018-12-13,04:23:13.600,-0.34776306,0.059188843,0.19099426
2018-12-13,04:23:13.704,0.07728577,-0.057983400000000004,0.17608643
2018-12-13,04:23:13.803,-0.06652832,-0.33282470000000003,0.10470581
2018-12-13,04:23:13.902,-0.047348022000000003,-0.16877747,0.07061767599999999
2018-12-13,04:23:14.003,0.049591064000000004,0.02935791,-0.038024902
2018-12-13,04:23:14.104,0.0016479492000000002,0.0006103515599999999,-0.17225647
2018-12-13,04:23:14.204,-0.15174866,0.05067444,-0.34056090000000006
2018-12-13,04:23:14.305,0.16250610000000001,0.018707275,-0.23936462
2018-12-13,04:23:14.422,0.021881104,-0.06758118,-0.16799927
2018-12-13,04:23:14.514,0.13160706,0.08369446,-0.049743652
2018-12-13,04:23:14.607,-0.05267334,0.11991882,0.08554077
2018-12-13,04:23:14.707,-0.108078,-0.04093933,0.12921143
2018-12-13,04:23:14.807,-0.020721436,0.10180664,0.14518738
2018-12-13,04:23:14.907,-0.27319336,-0.051589965999999994,0.047195435
2018-12-13,04:23:15.007,0.50657654,0.17849731,0.10470581
2018-12-13,04:23:15.132,-0.12831116,-0.03881836,0.08233642599999999
2018-12-13,04:23:15.211,0.17741394,-0.21884155,0.006713866999999999
2018-12-13,04:23:15.325,0.014434813999999999,-0.16345215,-0.041229247999999996
2018-12-13,04:23:15.416,0.17529297,-0.04626465,-0.15946960000000002
2018-12-13,04:23:15.511,0.063430786,0.08369446,-0.17544556
2018-12-13,04:23:15.610,-0.09954834,-0.06011963,0.030151367000000002
2018-12-13,04:23:15.710,0.094329834,-0.25186157,-0.029510498
2018-12-13,04:23:15.811,0.14439392,0.051742554,-0.08277893
2018-12-13,04:23:15.912,-0.08782959,0.19021606,0.07382202
2018-12-13,04:23:16.013,-0.04309082,0.0027313232,0.18887329
2018-12-13,04:23:16.113,0.06556702,0.20939636,0.28474426
2018-12-13,04:23:16.232,-0.316864,0.11991882,0.21656799999999998
2018-12-13,04:23:16.320,0.28288270000000004,-0.1602478,0.25491333
2018-12-13,04:23:16.418,-0.54803467,-0.14640808,0.29646300000000003
2018-12-13,04:23:16.515,0.23707579999999998,-0.057983400000000004,0.17076111
2018-12-13,04:23:16.616,-0.018585205,-0.12297058,0.115371704
2018-12-13,04:23:16.715,0.2605133,0.07090759,-0.0806427
2018-12-13,04:23:16.817,0.37129209999999996,0.5779724,-0.19781494
2018-12-13,04:23:16.919,-0.20927429,-0.08035278,-0.26493835
2018-12-13,04:23:17.018,-0.13790894,-0.21777344,-0.18077087
2018-12-13,04:23:17.138,0.24133301,0.051742554,-0.19888306
2018-12-13,04:23:17.224,-0.11979675,0.10925293,-0.06678772
2018-12-13,04:23:17.320,0.03466797,0.009124756,-0.039093018
2018-12-13,04:23:17.419,0.010177611999999999,0.0016632079999999998,0.052520752000000004
2018-12-13,04:23:17.518,-0.20288086,0.13163757,0.17076111
2018-12-13,04:23:17.620,0.47781372,0.017654418999999998,0.11642456
2018-12-13,04:23:17.719,-0.31793213,-0.15385437,0.107910156
2018-12-13,04:23:17.820,0.17315674,-0.29020690000000005,-0.046554565
2018-12-13,04:23:17.921,0.013366699,0.24455261,0.02482605
2018-12-13,04:23:18.039,0.11456299,-0.21565247,-0.046554565
2018-12-13,04:23:18.128,-0.15174866,-0.32963562,-0.124313354
2018-12-13,04:23:18.223,-0.5597534000000001,0.24987793,-0.29370117
2018-12-13,04:23:18.322,0.8123169,0.91033936,-0.039093018
2018-12-13,04:23:18.423,-0.37971497,-0.7322998000000001,0.0152282715
2018-12-13,04:23:18.524,0.21150208,1.0040894,0.05357361
2018-12-13,04:23:18.624,-0.3157959,-0.25932312,0.03652954
2018-12-13,04:23:18.724,0.18380737,-0.02709961,0.06103515599999999
2018-12-13,04:23:18.825,-0.060134888,-0.34880066,0.006713866999999999
2018-12-13,04:23:18.943,0.30099487,-0.4617157,-0.039093018
2018-12-13,04:23:19.028,-0.24868774,0.442688,0.040802002000000004
2018-12-13,04:23:19.127,-0.1357727,-0.06224059999999999,-0.124313354
2018-12-13,04:23:19.226,-0.00048828125,0.0048675537,0.10044861
2018-12-13,04:23:19.328,0.057037354000000005,-0.024963378999999997,0.14413452
2018-12-13,04:23:19.427,-0.06866455,-0.29020690000000005,-0.079574585
2018-12-13,04:23:19.528,-0.55015564,-0.34347534,0.07595825
2018-12-13,04:23:19.628,0.42456055,0.15080261,0.09832764
2018-12-13,04:23:19.729,0.20191956,0.11352539,-0.124313354
2018-12-13,04:23:19.852,-0.086761475,0.15933228,-0.02204895
2018-12-13,04:23:19.937,-0.11659241,0.047470093,0.07061767599999999
2018-12-13,04:23:20.032,0.014434813999999999,0.04107666,0.17395020000000003
2018-12-13,04:23:20.130,-0.20074463,0.04321289,0.0045776367
2018-12-13,04:23:20.231,-0.27531433,-0.04307556,0.11109924
2018-12-13,04:23:20.331,-0.2518921,-0.17835999,0.13241577
2018-12-13,04:23:20.433,0.46504209999999996,-0.24653625,-0.026321411
2018-12-13,04:23:20.533,0.06556702,-0.030288696,-0.0007476806599999999
2018-12-13,04:23:20.633,0.20085144,0.07836914,-0.08810425
2018-12-13,04:23:20.751,-0.098480225,-0.13787842,-0.12112427
2018-12-13,04:23:20.839,-0.51820374,-0.18475342,0.0024414061999999998
2018-12-13,04:23:20.936,0.25730896,0.0048675537,-0.14030457
2018-12-13,04:23:21.034,0.22961426,0.08262634,-0.11047363
2018-12-13,04:23:21.136,0.14653015,0.11138916,0.023757935
2018-12-13,04:23:21.235,-0.18051147,0.13482666,0.028015137000000002
2018-12-13,04:23:21.336,0.019760132,0.20300293,0.13453674
2018-12-13,04:23:21.437,-0.12512207,0.0027313232,0.2996521
2018-12-13,04:23:21.538,-0.45747375,0.34788513,0.2922058
2018-12-13,04:23:21.656,0.07940674,0.024032592999999998,0.17715454
2018-12-13,04:23:21.746,0.15078735,-0.21565247,0.10897827
2018-12-13,04:23:21.843,0.14332579999999998,-0.13148499,0.058914185
2018-12-13,04:23:21.973,0.14546204,-0.16345215,0.023757935
2018-12-13,04:23:22.039,-0.024978637999999997,-0.19007874,-0.039093018
2018-12-13,04:23:22.140,-0.42019653,-0.05479431,-0.23510742
2018-12-13,04:23:22.240,0.18487549,0.06239319,-0.5301819000000001
2018-12-13,04:23:22.342,0.0037841796999999997,0.01977539,-0.41300964
2018-12-13,04:23:22.442,0.3936615,0.21153260000000002,-0.091293335
2018-12-13,04:23:22.559,0.013366699,0.10820007,0.028015137000000002
2018-12-13,04:23:22.647,0.20831299,-0.0047302246,0.15371704
2018-12-13,04:23:22.743,0.041061400000000005,-0.017501831000000002,0.19099426
2018-12-13,04:23:22.844,-0.59916687,0.3031311,0.17395020000000003
2018-12-13,04:23:22.944,0.15290833,0.15505981,0.22508240000000002
2018-12-13,04:23:23.044,0.20298767,-0.24227905,0.05357361
2018-12-13,04:23:23.144,0.03147888,-0.12297058,0.012039185
2018-12-13,04:23:23.246,0.13160706,-0.05479431,-0.038024902
2018-12-13,04:23:23.346,0.02722168,-0.14959717,-0.33950806
2018-12-13,04:23:23.463,-0.82180786,-0.05053711,-0.19888306
2018-12-13,04:23:23.553,0.21682739999999998,-0.096328735,-0.114730835
2018-12-13,04:23:23.646,0.13374329,-0.06544495,-0.07318115
2018-12-13,04:23:23.746,0.117767334,0.23069763,0.025878906
2018-12-13,04:23:23.847,0.000579834,0.102874756,0.09300232
2018-12-13,04:23:23.947,0.14865112,0.22218323,0.21975708
2018-12-13,04:23:24.047,-0.07185364,0.0027313232,0.16011047
2018-12-13,04:23:24.148,0.21043396,0.055999756,0.056777954000000005
2018-12-13,04:23:24.249,-0.19329834,-0.0047302246,-0.028442382999999998
2018-12-13,04:23:24.366,0.17208862,-0.21138,-0.14775085
2018-12-13,04:23:24.457,-0.061203003,-0.15385437,-0.02418518
2018-12-13,04:23:24.551,0.19126892,0.021911621000000003,-0.07531738
2018-12-13,04:23:24.651,-0.09422302,-0.08888245,-0.27452087
2018-12-13,04:23:24.753,-0.52885437,-0.15705872,-0.24575806
2018-12-13,04:23:24.852,-0.07185364,-0.17196655,0.017364502
2018-12-13,04:23:24.955,0.24879456,-0.14959717,0.0077667236
2018-12-13,04:23:25.053,-0.014328003,0.39794922,-0.009277344
2018-12-13,04:23:25.155,-0.14749146,0.13908386,-0.009277344
2018-12-13,04:23:25.258,-0.06652832,0.13908386,0.14518738
2018-12-13,04:23:25.360,-0.55229187,0.07304382,0.08660889
2018-12-13,04:23:25.457,0.29460144,-0.024963378999999997,0.12069702
2018-12-13,04:23:25.555,-0.22845459,0.09754944,0.06636047
2018-12-13,04:23:25.656,0.21470642,-0.13362122,-0.04762268
2018-12-13,04:23:25.756,0.12628174,-0.12722778,0.008834839
2018-12-13,04:23:25.856,0.26263428,-0.18156433,-0.15840149
2018-12-13,04:23:25.957,-0.26359558,-0.110183716,-0.20527649
2018-12-13,04:23:26.058,0.006973266600000001,0.098602295,-0.18716429999999998
2018-12-13,04:23:26.174,-0.17732239,-0.12297058,-0.16267395
2018-12-13,04:23:26.265,0.15397644,0.077301025,-0.039093018
2018-12-13,04:23:26.359,0.23280334,0.17637634,0.12069702
2018-12-13,04:23:26.460,0.1113739,-0.028152466,0.18247986
2018-12-13,04:23:26.559,-0.09210205,0.24880981,0.30818176
2018-12-13,04:23:26.660,-0.35627747,-0.030288696,0.23574829
2018-12-13,04:23:26.760,0.3159027,0.13375854,0.17608643
2018-12-13,04:23:26.861,0.04852295,0.049606323,0.18141174
2018-12-13,04:23:26.962,0.20298767,-0.084625244,0.028015137000000002
2018-12-13,04:23:27.080,0.044265747,-0.03135681,-0.014602661000000001
2018-12-13,04:23:27.169,0.018692017,-0.04307556,-0.14775085
2018-12-13,04:23:27.264,-0.18157959,-0.02709961,-0.3309784
2018-12-13,04:23:27.363,0.1582489,-0.19433594,-0.3629303
2018-12-13,04:23:27.464,-0.02178955,-0.10272217,-0.22552489999999997
2018-12-13,04:23:27.565,0.18273926,0.27331543,0.020553589
2018-12-13,04:23:27.665,-0.25933838,0.6482849,0.17395020000000003
2018-12-13,04:23:27.766,0.19871521,-0.017501831000000002,0.23468018
2018-12-13,04:23:27.866,-0.24122620000000003,0.01977539,0.34013367
2018-12-13,04:23:27.982,-0.4414978,0.32551575,0.35717773
2018-12-13,04:23:28.074,0.18061829,-0.22842407,0.36250305
2018-12-13,04:23:28.171,0.39579773,-0.49475098,0.17608643
2018-12-13,04:23:28.267,0.05278015,-0.0047302246,-0.046554565
2018-12-13,04:23:28.368,0.07940674,0.09220886,-0.2063446
2018-12-13,04:23:28.468,-0.108078,-0.25079346,-0.36720276
2018-12-13,04:23:28.569,-0.64816284,-0.1282959,-0.26599120000000004
2018-12-13,04:23:28.670,0.27223206,-0.03668213,-0.19676208
2018-12-13,04:23:28.770,0.084732056,-0.033493042,-0.116867065
2018-12-13,04:23:28.953,0.02722168,0.10499573,-0.03590393
2018-12-13,04:23:28.972,0.12948608,0.11138916,0.028015137000000002
2018-12-13,04:23:29.072,0.14013672,-0.02709961,0.16862488
2018-12-13,04:23:29.180,-0.22525024,0.020843506,0.34120178
2018-12-13,04:23:29.272,0.21682739999999998,0.044281006,0.26983643
2018-12-13,04:23:29.372,0.06556702,0.14228821,0.08554077
2018-12-13,04:23:29.474,0.14865112,-0.04307556,-0.0071411133
2018-12-13,04:23:29.573,-0.07824707,-0.16664124,0.07701111
2018-12-13,04:23:29.674,0.05596924,-0.10166931,-0.0763855
2018-12-13,04:23:29.790,-0.023925781,0.09008789,-0.25854492
2018-12-13,04:23:29.881,-0.04096985,-0.061187744,-0.22232056
2018-12-13,04:23:29.976,-0.16133118,-0.05265808,-0.16479492
2018-12-13,04:23:30.075,0.23919678,0.0037994384999999998,-0.12963867
2018-12-13,04:23:30.176,-0.06652832,0.16998291,-0.099823
2018-12-13,04:23:30.276,-0.00048828125,0.005935669,-0.07106018
2018-12-13,04:23:30.377,-0.079315186,0.020843506,0.13346863
2018-12-13,04:23:30.478,-0.29023743,-0.021774292,0.21870422
2018-12-13,04:23:30.577,0.73561096,0.020843506,0.115371704
2018-12-13,04:23:30.696,0.11669922,-0.07716369999999999,0.14945984
2018-12-13,04:23:30.784,0.31483459999999996,-0.17835999,-0.0071411133
2018-12-13,04:23:30.881,0.09965515,0.016586304,0.010971068999999998
2018-12-13,04:23:30.979,0.02722168,0.077301025,-0.09022522
2018-12-13,04:23:31.080,-0.48944092,0.11991882,-0.060409545999999995
2018-12-13,04:23:31.180,0.16036987,0.044281006,-0.103012085
2018-12-13,04:23:31.281,-0.20927429,0.13269043,-0.18397522
2018-12-13,04:23:31.381,0.09112549,0.14868164,-0.093429565
2018-12-13,04:23:31.482,-0.16772461,-0.0079193115,-0.0018157959
2018-12-13,04:23:31.599,0.037872314,-0.005783081,0.04399109
2018-12-13,04:23:31.682,-0.1357727,-0.029220581000000002,0.04612732
2018-12-13,04:23:31.784,-0.47985839999999996,0.31484985,0.12069702
2018-12-13,04:23:31.884,0.17208862,-0.11125183,0.09300232
2018-12-13,04:23:31.984,0.33187866,-0.31791687,0.0152282715
2018-12-13,04:23:32.085,0.3201599,-0.08781433,-0.03590393
2018-12-13,04:23:32.185,0.15611267,-0.015380858999999998,-0.07850647
2018-12-13,04:23:32.285,0.051712035999999996,-0.044143677,-0.19995117
2018-12-13,04:23:32.386,-0.7376404000000001,-0.31364440000000005,-0.17012024
2018-12-13,04:23:32.503,0.07621765,0.04321289,-0.057205200000000005
2018-12-13,04:23:32.594,0.18487549,0.08369446,-0.014602661000000001
2018-12-13,04:23:32.690,-0.05694580000000001,0.13801575,0.12176514
2018-12-13,04:23:32.787,0.013366699,0.017654418999999998,0.091934204
2018-12-13,04:23:32.889,0.029342651,0.07090759,0.16117859
2018-12-13,04:23:32.990,-0.7877196999999999,-0.08781433,0.12281799
2018-12-13,04:23:33.089,0.255188,0.058120727999999997,0.09832764
2018-12-13,04:23:33.188,-0.035629272000000003,0.010192871,0.08766174
2018-12-13,04:23:33.290,0.17102051,-0.04093933,0.042922974
2018-12-13,04:23:33.406,0.22854614,-0.017501831000000002,-0.040161132999999995
2018-12-13,04:23:33.498,0.016555786,-0.1794281,-0.15840149
2018-12-13,04:23:33.594,-0.84843445,-0.029220581000000002,-0.22764587
2018-12-13,04:23:33.692,-0.17411804,0.13163757,-0.16479492
2018-12-13,04:23:33.794,0.17422485,0.10606384,-0.11047363
2018-12-13,04:23:33.892,0.009109497,0.048538208,-0.044418335
2018-12-13,04:23:33.993,-0.10700989,-0.12403869999999999,-0.04548645
2018-12-13,04:23:34.093,0.030410767000000002,0.051742554,-0.08917236
2018-12-13,04:23:34.194,-0.42019653,-0.09739685,0.0024414061999999998
2018-12-13,04:23:34.309,0.33613586,-0.02709961,0.0056457519999999995
2018-12-13,04:23:34.406,0.19871521,0.06451416,-0.08277893
2018-12-13,04:23:34.498,0.070892334,0.013381958000000001,-0.054016113
2018-12-13,04:23:34.595,0.019760132,0.0027313232,0.013107299999999997
2018-12-13,04:23:34.697,0.10498047,-0.037750244,0.17076111
2018-12-13,04:23:34.796,-0.14216614,-0.16238403,0.18673706
2018-12-13,04:23:34.896,0.20085144,-0.07928467,0.06317139
2018-12-13,04:23:34.997,-0.12724304,0.26052856,0.012039185
2018-12-13,04:23:35.098,0.26156616,0.21046448,-0.0028839111
2018-12-13,04:23:35.214,-0.011138916,-0.020706177,0.052520752000000004
2018-12-13,04:23:35.305,0.20405579,0.08155823,0.08233642599999999
2018-12-13,04:23:35.400,-0.121917725,0.048538208,0.24212646
2018-12-13,04:23:35.500,-0.6268616,0.1454773,0.2442627
2018-12-13,04:23:35.599,-0.067596436,0.018707275,0.2016449
2018-12-13,04:23:35.700,0.108169556,-0.13787842,0.06636047
2018-12-13,04:23:35.890,0.119888306,-0.045196533,0.037597656
2018-12-13,04:23:35.905,0.026153564,-0.04307556,-0.041229247999999996
2018-12-13,04:23:36.002,-0.098480225,-0.06970215,-0.26493835
2018-12-13,04:23:36.120,-0.50009155,-0.09313965,-0.29370117
2018-12-13,04:23:36.207,0.37342834,0.08262634,-0.43217468
2018-12-13,04:23:36.305,0.10177612,0.034698486,-0.32991028
2018-12-13,04:23:36.403,-0.18370056,-0.09313965,-0.13496399
2018-12-13,04:23:36.503,-0.21885681,-0.017501831000000002,0.013107299999999997
2018-12-13,04:23:36.604,0.049591064000000004,0.08369446,0.14093018
2018-12-13,04:23:36.704,-0.12512207,0.0037994384999999998,0.07701111
2018-12-13,04:23:36.806,0.036804199999999995,0.16784668,0.09512329
2018-12-13,04:23:36.906,-0.29449463,-0.010055541999999999,0.12921143
2018-12-13,04:23:37.022,0.11349487,-0.14533997,-0.0007476806599999999
2018-12-13,04:23:37.116,0.110305786,-0.09527588,-0.041229247999999996
2018-12-13,04:23:37.207,0.13800049,-0.09739685,-0.13284302
2018-12-13,04:23:37.307,-0.058013916,0.008056641,-0.27452087
2018-12-13,04:23:37.408,-0.046295166,-0.08142089999999999,-0.24789429
2018-12-13,04:23:37.508,-0.24443054,-0.11231995,-0.24256897
2018-12-13,04:23:37.608,0.16995239999999998,0.08262634,-0.20741272
2018-12-13,04:23:37.709,-0.0846405,0.12843323,-0.046554565
2018-12-13,04:23:37.810,-0.07505798,0.075164795,0.02268982
2018-12-13,04:23:37.926,0.018692017,0.08262634,0.2719574
2018-12-13,04:23:38.019,-0.42445374,-0.14001465,0.16862488
2018-12-13,04:23:38.110,0.05596924,0.024032592999999998,0.2762146
2018-12-13,04:23:38.210,0.21575928,-0.11764526,0.24958801
2018-12-13,04:23:38.312,0.14758301,-0.14852905,0.18141174
2018-12-13,04:23:38.412,0.14758301,0.0006103515599999999,0.047195435
2018-12-13,04:23:38.513,-0.10700989,-0.17089844,-0.17971802
2018-12-13,04:23:38.613,-0.7685394,-0.07609558,-0.05506897
2018-12-13,04:23:38.714,0.17315674,-0.17835999,-0.02418518
2018-12-13,04:23:38.826,0.19552612,0.10392761,-0.08383179
2018-12-13,04:23:38.925,0.053848267000000005,0.25732422,0.047195435
2018-12-13,04:23:39.015,-0.046295166,0.07836914,0.11749267599999999
2018-12-13,04:23:39.115,0.10284424,0.027236938,0.2953949
2018-12-13,04:23:39.216,-0.29449463,-0.06651306,0.31137085
2018-12-13,04:23:39.317,0.5151062,0.08369446,0.16543579
2018-12-13,04:23:39.416,-0.21780396,0.20832825,0.16436768
2018-12-13,04:23:39.518,0.15078735,0.008056641,0.008834839
2018-12-13,04:23:39.618,0.0836792,-0.1517334,-0.016723633
2018-12-13,04:23:39.737,0.19659424,-0.1325531,-0.09022522
2018-12-13,04:23:39.826,0.0027160645,-0.05265808,-0.23936462
2018-12-13,04:23:39.919,-0.20820618,0.012313843,-0.18290710000000002
2018-12-13,04:23:40.020,-0.05267334,-0.098464966,-0.15840149
2018-12-13,04:23:40.119,0.24559021,0.07090759,-0.17544556
2018-12-13,04:23:40.220,0.04319763,0.220047,0.09512329
2018-12-13,04:23:40.320,0.12734985,-0.044143677,0.24745178
2018-12-13,04:23:40.421,-0.23377989999999998,0.10606384,0.28048706
2018-12-13,04:23:40.522,-0.52885437,0.0027313232,0.23040771
2018-12-13,04:23:40.723,0.43521118,0.08049011,0.15904236
2018-12-13,04:23:40.728,0.12734985,-0.11764526,0.11749267599999999
2018-12-13,04:23:40.823,0.30844116,-0.21138,-0.048690795999999995
2018-12-13,04:23:40.924,0.16783142,-0.05053711,-0.17012024
2018-12-13,04:23:41.023,0.075149536,-0.11550903,-0.33737183
2018-12-13,04:23:41.124,-0.23057556,0.027236938,-0.27133179999999996
2018-12-13,04:23:41.226,0.17634583,-0.13787842,-0.275589
2018-12-13,04:23:41.325,-0.08357239,-0.12403869999999999,-0.26705933
2018-12-13,04:23:41.425,0.16676329999999998,0.21472168,-0.12963867
2018-12-13,04:23:41.543,-0.34243774,0.29675293,-0.018859863
2018-12-13,04:23:41.636,0.3904724,0.061325073,0.045059204000000005
2018-12-13,04:23:41.728,-0.053741455,-0.05265808,0.16755676
2018-12-13,04:23:41.826,0.026153564,0.13696289,0.31243896
2018-12-13,04:23:41.928,-0.07398987,-0.075027466,0.33055115
2018-12-13,04:23:42.028,0.17102051,-0.28808594,0.07807922
2018-12-13,04:23:42.128,-0.06866455,-0.07077026,-0.041229247999999996
2018-12-13,04:23:42.228,0.122024536,0.05493164,-0.10940552
2018-12-13,04:23:42.331,-0.2518921,-0.11657715,-0.26280212
2018-12-13,04:23:42.446,-0.57040405,-0.15917969,-0.2990265
2018-12-13,04:23:42.539,0.19020079999999998,0.11564636,-0.09661865
2018-12-13,04:23:42.635,-0.017532349,0.11885071,-0.10408019999999998
2018-12-13,04:23:42.730,-0.06439209,0.20832825,0.06529236
2018-12-13,04:23:42.832,-0.20288086,0.05067444,0.17608643
2018-12-13,04:23:42.932,0.11349487,0.035751343,0.21975708
2018-12-13,04:23:43.034,-0.1315155,-0.13148499,0.010971068999999998
2018-12-13,04:23:43.134,-0.053741455,0.27224729999999997,0.09405517599999999
2018-12-13,04:23:43.234,-0.19436646,0.14228821,0.20059204
2018-12-13,04:23:43.354,0.16036987,-0.19007874,0.096191406
2018-12-13,04:23:43.441,0.057037354000000005,-0.06224059999999999,0.091934204
2018-12-13,04:23:43.536,0.31057740000000006,0.055999756,-0.049743652
2018-12-13,04:23:43.634,-0.0036773682,-0.09739685,-0.22657776
2018-12-13,04:23:43.734,-0.72380066,-0.09207153,-0.16905212
2018-12-13,04:23:43.835,0.03466797,-0.11231995,-0.14881897
2018-12-13,04:23:43.936,0.17102051,0.14122010000000002,-0.21380615
2018-12-13,04:23:44.036,0.020828247,0.15187073,-0.16267395
2018-12-13,04:23:44.137,-0.009002686,-0.08248901,-0.112594604
2018-12-13,04:23:44.256,0.082611084,0.091156006,0.08554077
2018-12-13,04:23:44.343,-0.11659241,-0.072906494,0.07914734
2018-12-13,04:23:44.439,0.4831543,0.1497345,0.10684204
2018-12-13,04:23:44.539,-0.046295166,-0.03135681,0.12921143
2018-12-13,04:23:44.638,0.09751892,-0.14852905,-0.020980835
2018-12-13,04:23:44.739,0.030410767000000002,-0.07928467,-0.010330200000000001
2018-12-13,04:23:44.844,0.20831299,-0.06224059999999999,-0.11154175
2018-12-13,04:23:44.941,0.02508545,-0.063308716,-0.19888306
2018-12-13,04:23:45.041,0.14225769,-0.06011963,-0.11579895
2018-12-13,04:23:45.160,-0.08996582,-0.059051514000000006,-0.116867065
2018-12-13,04:23:45.247,0.17955017,0.03149414,-0.0039367676
2018-12-13,04:23:45.342,-0.112335205,0.0037994384999999998,0.14413452
2018-12-13,04:23:45.443,0.049591064000000004,-0.026031494,0.17182922
2018-12-13,04:23:45.543,-0.12619019,0.11138916,0.24533081
2018-12-13,04:23:45.644,-0.3157959,0.15826416,0.2442627
2018-12-13,04:23:45.743,0.28288270000000004,0.100738525,0.37315370000000003
2018-12-13,04:23:45.844,0.15078735,-0.10272217,0.34120178
2018-12-13,04:23:45.945,0.21575928,0.03149414,0.18780518
2018-12-13,04:23:46.063,0.09007263,-0.019638062,0.13667297
2018-12-13,04:23:46.153,0.042129517000000005,0.011260986,-0.1083374
2018-12-13,04:23:46.248,-0.051620482999999995,0.10392761,-0.17118835
2018-12-13,04:23:46.346,0.23814392,0.04321289,-0.06359863
2018-12-13,04:23:46.448,-0.059066772000000003,-0.045196533,-0.09449768
2018-12-13,04:23:46.548,0.010177611999999999,0.03149414,-0.015655518
2018-12-13,04:23:46.649,0.036804199999999995,-0.12083435,-0.020980835
2018-12-13,04:23:46.748,0.12095642,0.035751343,0.0077667236
2018-12-13,04:23:46.848,-0.28170776,0.21258545,0.068496704
2018-12-13,04:23:46.963,-0.114471436,0.18702698,0.19738770000000003
2018-12-13,04:23:47.049,-0.10700989,0.025100708,0.17822266
2018-12-13,04:23:47.152,0.086868286,-0.10166931,0.0642395
2018-12-13,04:23:47.250,0.063430786,0.098602295,0.08660889
2018-12-13,04:23:47.351,0.000579834,0.0006103515599999999,0.09405517599999999
2018-12-13,04:23:47.451,-0.0846405,-0.19966125,-0.0060729980000000005
2018-12-13,04:23:47.552,-0.32432556,0.16252136,-0.02418518
2018-12-13,04:23:47.652,0.22961426,0.034698486,0.09725952
2018-12-13,04:23:47.753,0.23600769,-0.14959717,-0.0337677
2018-12-13,04:23:47.870,0.20617676,0.05067444,-0.058273315
2018-12-13,04:23:47.964,0.039993286,0.14228821,-0.112594604
2018-12-13,04:23:48.059,-0.11126709,-0.016448975,-0.16905212
2018-12-13,04:23:48.153,0.016555786,-0.0047302246,-0.105148315
2018-12-13,04:23:48.254,-0.22525024,-0.1836853,-0.041229247999999996
2018-12-13,04:23:48.355,0.05596924,-0.011108398,-0.026321411
2018-12-13,04:23:48.456,-0.15174866,-0.10272217,-0.032699585
2018-12-13,04:23:48.556,0.11244202,-0.19221497,-0.046554565
2018-12-13,04:23:48.657,-0.055877685999999996,-0.014312743999999999,0.010971068999999998
2018-12-13,04:23:48.774,0.38726807,0.08795166,-0.042297363
2018-12-13,04:23:48.866,0.21470642,-0.09313965,-0.20953369
2018-12-13,04:23:48.957,0.32336426,-0.06863403,-0.14349365
2018-12-13,04:23:49.058,-0.14323425,-0.07183838,-0.114730835
2018-12-13,04:23:49.158,0.084732056,0.098602295,-0.060409545999999995
2018-12-13,04:23:49.259,-0.15707397,0.28076172,0.0035095215000000004
2018-12-13,04:23:49.359,0.29992676,0.020843506,-0.052947997999999996
2018-12-13,04:23:49.460,-0.053741455,-0.30299377,0.07382202
2018-12-13,04:23:49.560,-0.5895691,0.26159668,0.19099426
2018-12-13,04:23:49.753,-0.13044739,0.025100708,0.19952393
2018-12-13,04:23:49.769,0.24559021,-0.0025939941,0.10470581
2018-12-13,04:23:49.861,0.18594360000000001,-0.011108398,0.029083252
2018-12-13,04:23:49.962,0.13267517,-0.018569946,-0.11898804
2018-12-13,04:23:50.061,0.026153564,-0.1602478,-0.275589
2018-12-13,04:23:50.164,-0.28703308,-0.1986084,-0.0007476806599999999
2018-12-13,04:23:50.264,0.18487549,-0.013244628999999999,0.21336365
2018-12-13,04:23:50.365,0.14758301,-0.018569946,-0.017791748
2018-12-13,04:23:50.467,0.057037354000000005,0.05706787,-0.019927979
2018-12-13,04:23:50.583,0.004837035999999999,0.09754944,-0.039093018
2018-12-13,04:23:50.677,0.12309265,0.13589478,0.0024414061999999998
2018-12-13,04:23:50.769,-0.29449463,-0.08142089999999999,-0.054016113
2018-12-13,04:23:50.869,0.19871521,0.15080261,0.072753906
2018-12-13,04:23:50.968,-0.20820618,0.065582275,0.18460083
2018-12-13,04:23:51.067,0.33720398,-0.30726624,-0.03590393
2018-12-13,04:23:51.168,0.042129517000000005,-0.10379028,-0.054016113
2018-12-13,04:23:51.269,0.23068237,-0.06437683,-0.17651367
2018-12-13,04:23:51.368,-0.067596436,-0.12615967,-0.22871399
2018-12-13,04:23:51.489,-0.05694580000000001,-0.06224059999999999,-0.22552489999999997
2018-12-13,04:23:51.569,-0.28703308,0.05067444,-0.06892395
2018-12-13,04:23:51.672,0.20724487,0.28289795,-0.056137085
2018-12-13,04:23:51.771,-0.058013916,0.23922729999999998,0.02482605
2018-12-13,04:23:51.871,0.16569519,-0.012176514,0.13774109
2018-12-13,04:23:51.971,0.0059051514,-0.020706177,0.34013367
2018-12-13,04:23:52.072,-0.3157959,0.13482666,0.27728270000000005
2018-12-13,04:23:52.172,0.044265747,0.03895569,0.09512329
2018-12-13,04:23:52.273,0.094329834,-0.21777344,0.028015137000000002
2018-12-13,04:23:52.390,-0.024978637999999997,-0.08035278,0.084472656
2018-12-13,04:23:52.483,0.23175049,-0.07183838,-0.0060729980000000005
2018-12-13,04:23:52.577,-0.06652832,-0.1517334,-0.21273804
2018-12-13,04:23:52.674,-1.017807,-0.10166931,-0.18290710000000002
2018-12-13,04:23:52.774,0.17422485,-0.037750244,-0.18716429999999998
2018-12-13,04:23:52.875,0.2647705,0.053863525,-0.20527649
2018-12-13,04:23:52.976,0.21363829999999998,0.14440918,-0.027374267999999997
2018-12-13,04:23:53.076,0.03466797,0.053863525,0.11216736
2018-12-13,04:23:53.176,0.045318604000000005,0.16358948,0.20910645
2018-12-13,04:23:53.293,-0.077178955,0.10392761,0.1430664
2018-12-13,04:23:53.384,-0.058013916,0.12524414,0.23147583
2018-12-13,04:23:53.481,-0.20181274,0.034698486,0.2922058
2018-12-13,04:23:53.579,0.086868286,-0.053726196,0.115371704
2018-12-13,04:23:53.678,0.063430786,-0.14747620000000003,-0.056137085
2018-12-13,04:23:53.779,0.28288270000000004,-0.2816925,-0.21806335
2018-12-13,04:23:53.879,0.10391235,-0.2774353,-0.40341187
2018-12-13,04:23:53.981,-0.49369812,0.044281006,-0.33418274
2018-12-13,04:23:54.081,-0.23910522,-0.0015258789000000001,-0.28198242
2018-12-13,04:23:54.200,0.24026489999999998,0.21791077,-0.028442382999999998
2018-12-13,04:23:54.288,-0.08996582,0.14122010000000002,0.09725952
2018-12-13,04:23:54.383,-0.02178955,0.042144775,0.037597656
2018-12-13,04:23:54.482,-0.11340332,0.09967041,0.15264893
2018-12-13,04:23:54.582,-0.28491209999999995,-0.032424927,0.04612732
2018-12-13,04:23:54.683,0.14332579999999998,-0.032424927,0.13134766
2018-12-13,04:23:54.783,0.0027160645,0.14122010000000002,0.17822266
2018-12-13,04:23:54.884,0.22642517,-0.14213562,0.08660889
2018-12-13,04:23:54.984,0.09751892,-0.049468994,-0.040161132999999995
2018-12-13,04:23:55.101,0.039993286,0.006988525400000001,-0.16372679999999998
2018-12-13,04:23:55.189,-0.06439209,-0.024963378999999997,-0.18290710000000002
2018-12-13,04:23:55.285,0.07940674,-0.03135681,-0.13391113
2018-12-13,04:23:55.385,-0.27638245,0.04107666,-0.13816833
2018-12-13,04:23:55.487,0.19233704,0.07197571,-0.0082092285
2018-12-13,04:23:55.587,-0.020721436,0.10392761,0.0642395
2018-12-13,04:23:55.688,0.33081055,-0.086746216,0.06956482
2018-12-13,04:23:55.789,0.047454834,-0.13148499,0.12388611
2018-12-13,04:23:55.888,-0.3403015,-0.07183838,0.09300232
2018-12-13,04:23:56.003,-0.32432556,-0.09100342,0.10577392599999999
2018-12-13,04:23:56.088,0.16889954,-0.017501831000000002,0.029083252
2018-12-13,04:23:56.190,0.16783142,-0.15066528,-0.0337677
2018-12-13,04:23:56.289,0.20617676,0.040023803999999996,-0.09022522
2018-12-13,04:23:56.390,0.08580017,-0.1282959,-0.2340393
2018-12-13,04:23:56.491,-0.6641388,-0.07395935,-0.040161132999999995
2018-12-13,04:23:56.591,-0.19541931,-0.16984558,-0.038024902
2018-12-13,04:23:56.691,0.11456299,0.09541321,-0.057205200000000005
2018-12-13,04:23:56.791,0.10923767,0.11991882,0.08660889
2018-12-13,04:23:56.907,0.0836792,-0.021774292,0.15051270000000003
2018-12-13,04:23:56.998,0.13693237,0.31591797,0.24533081
2018-12-13,04:23:57.172,0.098587036,0.18489075,0.11004639
2018-12-13,04:23:57.193,0.44267273,0.10925293,-0.027374267999999997
2018-12-13,04:23:57.294,-0.28170776,0.10606384,0.08660889
2018-12-13,04:23:57.394,-0.01965332,-0.16557312,0.08554077
2018-12-13,04:23:57.495,-0.049484253,-0.14533997,-0.028442382999999998
2018-12-13,04:23:57.596,0.20405579,-0.10485839999999998,-0.2063446
2018-12-13,04:23:57.696,-0.06652832,0.04321289,-0.16160583
2018-12-13,04:23:57.816,0.51724243,-0.24653625,-0.1552124
2018-12-13,04:23:57.904,0.12416077,-0.05265808,-0.15307617
2018-12-13,04:23:57.998,0.22961426,0.12097168,0.0013885498
2018-12-13,04:23:58.098,-0.09422302,0.19021606,0.18673706
2018-12-13,04:23:58.198,0.19126892,0.058120727999999997,0.24745178
2018-12-13,04:23:58.298,-0.13363647,-0.10060119999999999,0.12814331
2018-12-13,04:23:58.398,-0.2881012,0.09648132,0.08660889
2018-12-13,04:23:58.500,-0.25508118,0.091156006,0.119628906
2018-12-13,04:23:58.600,0.0027160645,-0.008987427,0.084472656
2018-12-13,04:23:58.716,0.06663513,-0.11550903,-0.07424927
2018-12-13,04:23:58.808,0.18273926,0.049606323,-0.13710022
2018-12-13,04:23:58.901,0.020828247,-0.17622375,-0.24575806
2018-12-13,04:23:59.000,-0.7898407,0.053863525,-0.07850647
2018-12-13,04:23:59.102,0.036804199999999995,-0.096328735,-0.028442382999999998
2018-12-13,04:23:59.202,0.110305786,0.16998291,-0.04762268
2018-12-13,04:23:59.303,0.084732056,0.20619202,0.047195435
2018-12-13,04:23:59.403,0.057037354000000005,0.079437256,0.068496704
2018-12-13,04:23:59.504,-0.02178955,0.14015198,0.09725952
2018-12-13,04:23:59.621,-0.36587524,-0.20179749,0.023757935
2018-12-13,04:23:59.709,0.110305786,0.08476257,0.06210327
2018-12-13,04:23:59.804,-0.015396118,0.09327698,0.13453674
2018-12-13,04:23:59.905,0.11456299,-0.27529907,0.04399109
2018-12-13,04:24:00.005,0.13374329,-0.029220581000000002,-0.08383179
2018-12-13,04:24:00.105,0.04852295,-0.024963378999999997,-0.17651367
2018-12-13,04:24:00.206,-0.12298584,-0.05265808,-0.19248962
2018-12-13,04:24:00.308,0.23280334,-0.053726196,-0.16372679999999998
2018-12-13,04:24:00.407,0.06768799,0.09967041,-0.16160583
2018-12-13,04:24:00.523,0.2445221,0.15293884,-0.07318115
2018-12-13,04:24:00.609,-0.121917725,0.08795166,0.03440857
2018-12-13,04:24:00.711,0.09112549,-0.11444092,0.10470581
2018-12-13,04:24:00.809,-0.09529114,0.07090759,0.12921143
2018-12-13,04:24:00.909,-0.62898254,0.2008667,0.096191406
2018-12-13,04:24:01.009,-0.23484802,0.006988525400000001,0.009902954
2018-12-13,04:24:01.111,0.19020079999999998,-0.022827148,0.09405517599999999
2018-12-13,04:24:01.210,0.26263428,-0.19114685,0.047195435
2018-12-13,04:24:01.311,0.35105896,0.026168822999999997,-0.06359863
2018-12-13,04:24:01.420,0.0921936,-0.16664124,-0.16586304
2018-12-13,04:24:01.522,-0.48730470000000004,-0.026031494,-0.114730835
2018-12-13,04:24:01.615,0.18167114,-0.24227905,-0.20101929
2018-12-13,04:24:01.712,0.013366699,-0.08888245,-0.21699524
2018-12-13,04:24:01.813,0.2445221,0.1774292,-0.06359863
2018-12-13,04:24:01.913,0.08900452,0.13482666,0.0642395
2018-12-13,04:24:02.015,0.26156616,0.075164795,0.13667297
2018-12-13,04:24:02.115,0.05278015,0.026168822999999997,0.15051270000000003
2018-12-13,04:24:02.215,-0.49902344,0.3265686,0.40298462
2018-12-13,04:24:02.331,-0.3392334,-0.0015258789000000001,0.521225
2018-12-13,04:24:02.417,0.106048584,-0.14533997,0.37528992
2018-12-13,04:24:02.518,-0.015396118,-0.18901062,0.25598145
2018-12-13,04:24:02.616,0.31483459999999996,-0.051589965999999994,0.033340454
2018-12-13,04:24:02.717,0.21363829999999998,-0.12509155,-0.31925964
2018-12-13,04:24:02.817,-0.73124695,-0.21990967,-0.33630370000000004
2018-12-13,04:24:02.918,-0.1826477,-0.13148499,-0.42152405
2018-12-13,04:24:03.019,0.19552612,0.26585388,-0.29049683
2018-12-13,04:24:03.119,-0.06866455,0.22111511,-0.16586304
2018-12-13,04:24:03.235,-0.16239929,0.10180664,-0.0007476806599999999
2018-12-13,04:24:03.326,-0.14323425,0.091156006,0.21549988
2018-12-13,04:24:03.420,-0.16133118,-0.1282959,0.14413452
2018-12-13,04:24:03.521,0.27009583,0.1966095,0.02268982
2018-12-13,04:24:03.621,-0.18583679,0.15933228,0.08660889
2018-12-13,04:24:03.722,0.12521362,-0.16877747,0.042922974
2018-12-13,04:24:03.822,0.061309814000000004,-0.19221497,-0.04548645
2018-12-13,04:24:03.923,0.13374329,-0.047332764000000006,-0.261734
2018-12-13,04:24:04.023,0.04638672,0.09754944,-0.30221558
2018-12-13,04:24:04.134,0.3936615,0.005935669,-0.20953369
2018-12-13,04:24:04.264,0.098587036,-0.2529297,-0.2574768
2018-12-13,04:24:04.323,0.20085144,0.0027313232,-0.17971802
2018-12-13,04:24:04.425,-0.027114867999999997,0.16677856,0.03227234
2018-12-13,04:24:04.525,0.08900452,-0.119766235,0.13560486
2018-12-13,04:24:04.625,-0.049484253,0.06878662,0.18673706
2018-12-13,04:24:04.727,-0.47665405,0.3414917,0.13453674
2018-12-13,04:24:04.827,-0.22738647,0.13696289,0.16755676
2018-12-13,04:24:04.927,0.07728577,-0.20605469,0.07701111
2018-12-13,04:24:05.044,0.17422485,-0.35412598,0.013107299999999997
2018-12-13,04:24:05.137,0.16676329999999998,-0.039871216,-0.09768677
2018-12-13,04:24:05.293,0.035736084,-0.12403869999999999,-0.31819153
2018-12-13,04:24:05.328,-0.6087494000000001,-0.047332764000000006,-0.2106018
2018-12-13,04:24:05.429,0.09326172,-0.03135681,-0.08489989999999999
2018-12-13,04:24:05.529,0.19978333,-0.059051514000000006,-0.02418518
2018-12-13,04:24:05.630,0.20191956,-0.053726196,0.103652954
2018-12-13,04:24:05.730,-0.042022705,0.09327698,0.11856079
2018-12-13,04:24:05.831,-0.05480957,0.1923523,0.19845581
2018-12-13,04:24:05.944,0.06982422,0.017654418999999998,0.06636047
2018-12-13,04:24:06.042,0.40219116,0.10180664,0.016296387
2018-12-13,04:24:06.135,-0.26254272,-0.016448975,0.11430359
2018-12-13,04:24:06.232,0.27542114,-0.09313965,-0.049743652
2018-12-13,04:24:06.333,-0.061203003,-0.0036621094,-0.18077087
2018-12-13,04:24:06.433,0.011230469,-0.033493042,-0.1232605
2018-12-13,04:24:06.534,-0.08250427,-0.14852905,-0.08703613
2018-12-13,04:24:06.635,-0.25827026,-0.31259155,-0.12219238
2018-12-13,04:24:06.735,-0.08357239,-0.09100342,-0.09555054
2018-12-13,04:24:06.851,0.14758301,-0.15066528,0.008834839
2018-12-13,04:24:06.943,-0.15068054,0.09434509,0.22296143
2018-12-13,04:24:07.036,0.020828247,0.027236938,0.29006958
2018-12-13,04:24:07.135,-0.088897705,0.126297,0.36357117
2018-12-13,04:24:07.236,-0.23803711,0.098602295,0.27728270000000005
2018-12-13,04:24:07.337,0.288208,0.22430419999999998,0.24639893
2018-12-13,04:24:07.438,0.01550293,-0.02709961,0.25172424
2018-12-13,04:24:07.539,0.12309265,-0.15385437,0.052520752000000004
2018-12-13,04:24:07.639,0.07408142,-0.07609558,-0.030578612999999998
2018-12-13,04:24:07.755,0.08900452,-0.12936401,-0.22338867
2018-12-13,04:24:07.844,-0.13790894,-0.110183716,-0.29795837
2018-12-13,04:24:07.942,0.510849,0.006988525400000001,-0.21592712
2018-12-13,04:24:08.040,-0.034576416,-0.063308716,-0.14881897
2018-12-13,04:24:08.140,0.1071167,0.16572571,-0.079574585
2018-12-13,04:24:08.241,-0.065460205,0.29248047,-0.029510498
2018-12-13,04:24:08.341,-0.016464233,-0.028152466,0.010971068999999998
2018-12-13,04:24:08.442,-0.06971741,-0.21244812,0.07807922
2018-12-13,04:24:08.542,-0.47132874,0.15612793,0.030151367000000002
2018-12-13,04:24:08.662,-0.033508300000000005,0.044281006,-0.0028839111
2018-12-13,04:24:08.749,0.057037354000000005,0.04321289,0.12281799
2018-12-13,04:24:08.844,0.14120483,-0.2539978,0.013107299999999997
2018-12-13,04:24:08.944,0.004837035999999999,0.0037994384999999998,-0.09022522
2018-12-13,04:24:09.043,0.1348114,-0.13148499,-0.27345276
2018-12-13,04:24:09.144,-0.49369812,-0.018569946,-0.09022522
2018-12-13,04:24:09.245,0.4597168,-0.1559906,-0.009277344
2018-12-13,04:24:09.347,-0.079315186,0.22537231,-0.12112427
2018-12-13,04:24:09.477,0.16036987,0.09434509,-0.044418335
2018-12-13,04:24:09.563,-0.03137207,-0.005783081,0.09405517599999999
2018-12-13,04:24:09.654,0.18167114,-0.11125183,0.13027954
2018-12-13,04:24:09.749,0.12416077,-0.07823181,0.080215454
2018-12-13,04:24:09.847,-0.14961243,0.3031311,0.11430359
2018-12-13,04:24:09.949,-0.3403015,0.011260986,0.14839172
2018-12-13,04:24:10.048,-0.14749146,-0.018569946,0.09086609
2018-12-13,04:24:10.149,-0.044158935999999996,-0.1794281,-0.013534546000000001
2018-12-13,04:24:10.270,0.32868958,0.053863525,-0.09555054
2018-12-13,04:24:10.351,0.13693237,-0.026031494,-0.2564087
2018-12-13,04:24:10.467,-0.51820374,-0.1368103,-0.18823242
2018-12-13,04:24:10.560,0.012298584,-0.10272217,-0.16799927
2018-12-13,04:24:10.654,-0.06866455,0.16572571,-0.13070679
2018-12-13,04:24:10.753,-0.09529114,0.077301025,-0.016723633
2018-12-13,04:24:10.851,0.06556702,0.0016632079999999998,0.096191406
2018-12-13,04:24:10.952,0.075149536,0.051742554,0.2016449
2018-12-13,04:24:11.053,-0.09422302,-0.13468933,0.12176514
2018-12-13,04:24:11.153,0.24026489999999998,0.035751343,0.06636047
2018-12-13,04:24:11.253,-0.154953,0.059188843,0.1462555
2018-12-13,04:24:11.365,0.14013672,-0.013244628999999999,0.06529236
2018-12-13,04:24:11.463,-0.0047454834,-0.16345215,-0.0060729980000000005
2018-12-13,04:24:11.555,0.16889954,-0.06544495,-0.09875488
2018-12-13,04:24:11.656,0.029342651,0.01977539,-0.22552489999999997
2018-12-13,04:24:11.756,-0.269989,-0.053726196,-0.15307617
2018-12-13,04:24:11.856,-0.18583679,0.009124756,-0.09236145
2018-12-13,04:24:11.956,0.16783142,0.07197571,-0.025253296
2018-12-13,04:24:12.058,-0.10594177,0.102874756,0.056777954000000005
2018-12-13,04:24:12.158,0.23814392,-0.0079193115,0.16223145
2018-12-13,04:24:12.275,0.033599854,0.13482666,0.11109924
2018-12-13,04:24:12.365,-0.6747894,0.17424011,0.0152282715
2018-12-13,04:24:12.462,0.04638672,-0.010055541999999999,0.021621704
2018-12-13,04:24:12.561,0.010177611999999999,-0.042007446,-0.099823
2018-12-13,04:24:12.660,0.0921936,-0.1986084,-0.22657776
2018-12-13,04:24:12.763,0.12628174,0.028305054,-0.38850403
2018-12-13,04:24:12.860,0.020828247,-0.09313965,-0.660141
2018-12-13,04:24:12.961,-0.49690247,-0.12722778,-0.6857147
2018-12-13,04:24:13.062,0.26263428,-0.11444092,-0.69317627
2018-12-13,04:24:13.180,0.06236267,0.013381958000000001,-0.580246
2018-12-13,04:24:13.270,-0.05267334,0.09327698,-0.37571716
2018-12-13,04:24:13.365,-0.0015411377,0.022979736,-0.21485901
2018-12-13,04:24:13.464,0.14971924,0.15080261,-0.103012085
2018-12-13,04:24:13.564,-0.012207031,-0.14427185,-0.07424927
2018-12-13,04:24:13.664,-0.18370056,0.20619202,-0.0007476806599999999
2018-12-13,04:24:13.765,-0.18583679,-0.11764526,-0.27026367
2018-12-13,04:24:13.865,0.0921936,0.021911621000000003,-0.4801178
2018-12-13,04:24:13.966,0.10498047,-0.18794249999999998,-0.5855713
2018-12-13,04:24:14.081,0.23814392,-0.06651306,-0.7411041
2018-12-13,04:24:14.173,0.011230469,-0.14852905,-0.9072876
2018-12-13,04:24:14.267,-0.8931732,-0.20819092,-0.81993103
2018-12-13,04:24:14.368,-0.19648743,-0.24760437,-0.6793213
2018-12-13,04:24:14.468,0.11882019,0.051742554,-0.7687988
2018-12-13,04:24:14.568,-0.060134888,0.027236938,-0.67718506
2018-12-13,04:24:14.668,0.12095642,0.067718506,-0.5578766
2018-12-13,04:24:14.770,-0.06971741,0.08583069,-0.26599120000000004
2018-12-13,04:24:14.870,-0.42126465,-0.024963378999999997,-0.2106018
2018-12-13,04:24:14.985,-0.032440186,-0.14427185,-0.16586304
2018-12-13,04:24:15.078,0.12948608,-0.11231995,-0.09555054
2018-12-13,04:24:15.171,0.22747803,-0.14533997,-0.14668274
2018-12-13,04:24:15.297,0.19445801,-0.16984558,-0.22657776
2018-12-13,04:24:15.372,0.18701172,-0.22309875,-0.48330688
2018-12-13,04:24:15.472,-0.42126465,0.04107666,-0.38104248
2018-12-13,04:24:15.572,0.24026489999999998,-0.2028656,-0.48330688
2018-12-13,04:24:15.673,-0.039901732999999995,0.06878662,-0.42366028
2018-12-13,04:24:15.774,-0.09422302,0.09541321,-0.27770996
2018-12-13,04:24:15.889,-0.013259888000000001,0.09008789,-0.25428772
2018-12-13,04:24:15.982,0.10177612,0.16784668,-0.08917236
2018-12-13,04:24:16.078,0.009109497,-0.044143677,-0.06892395
2018-12-13,04:24:16.175,0.08154297,0.06451416,-0.011398315
2018-12-13,04:24:16.276,-0.20288086,-0.07716369999999999,0.040802002000000004
2018-12-13,04:24:16.376,0.03892517,-0.15385437,-0.044418335
2018-12-13,04:24:16.477,0.09751892,-0.08995056,-0.08917236
2018-12-13,04:24:16.577,0.16569519,0.05279541,-0.20101929
2018-12-13,04:24:16.678,0.09007263,-0.08355713,-0.38317870000000004
2018-12-13,04:24:16.797,-0.79304504,-0.31896973,-0.26705933
2018-12-13,04:24:16.884,-0.09529114,-0.16452026,-0.30221558
2018-12-13,04:24:16.982,0.25091553,0.11778259,-0.31925964
2018-12-13,04:24:17.080,-0.12086487,0.32870483,-0.116867065
2018-12-13,04:24:17.179,-0.26786804,0.079437256,0.072753906
2018-12-13,04:24:17.281,-0.20927429,0.14761353,0.34120178
2018-12-13,04:24:17.380,0.13053894,-0.059051514000000006,0.17715454
2018-12-13,04:24:17.482,0.22003174,0.091156006,0.20378113
2018-12-13,04:24:17.582,-0.05694580000000001,-0.03881836,0.31137085
2018-12-13,04:24:17.700,0.34892273,-0.30619812,0.17927551
2018-12-13,04:24:17.792,0.22428894,-0.12403869999999999,0.021621704
2018-12-13,04:24:17.884,0.14439392,0.0027313232,-0.1083374
2018-12-13,04:24:17.984,-0.0058135986,0.021911621000000003,-0.27877808
2018-12-13,04:24:18.204,-0.190094,-0.09100342,-0.3778534
2018-12-13,04:24:18.211,-0.25827026,-0.07928467,-0.37571716
2018-12-13,04:24:18.285,0.16676329999999998,0.22750854,-0.27026367
2018-12-13,04:24:18.386,-0.15600586,0.3777008,-0.06359863
2018-12-13,04:24:18.486,0.24559021,0.035751343,0.1462555
2018-12-13,04:24:18.604,0.086868286,0.012313843,0.3699646
2018-12-13,04:24:18.698,-0.45321655,-0.042007446,0.23893738
2018-12-13,04:24:18.787,-0.079315186,0.040023803999999996,0.14199829
2018-12-13,04:24:18.888,0.22109985,-0.072906494,0.19526672
2018-12-13,04:24:18.992,0.028274536,-0.41165159999999995,-0.026321411
2018-12-13,04:24:19.088,0.07408142,-0.06437683,-0.09022522
2018-12-13,04:24:19.189,-0.21673584,0.16998291,-0.19248962
2018-12-13,04:24:19.290,-0.6130066,0.07197571,-0.12005615
2018-12-13,04:24:19.390,0.19020079999999998,-0.10272217,-0.09449768
2018-12-13,04:24:19.498,0.14120483,0.19767761,-0.03164673
2018-12-13,04:24:19.600,0.30311584,0.30419922,0.045059204000000005
2018-12-13,04:24:19.692,-0.09529114,0.3180542,0.13774109
2018-12-13,04:24:19.791,0.10923767,-0.015380858999999998,0.29753113
2018-12-13,04:24:19.892,-0.26893616,-0.29447937,0.27088928
2018-12-13,04:24:19.992,0.3425293,0.037887573,0.12709045
2018-12-13,04:24:20.093,-0.034576416,-0.14747620000000003,0.11749267599999999
2018-12-13,04:24:20.194,0.18167114,-0.13468933,0.03866577
2018-12-13,04:24:20.343,-0.044158935999999996,-0.09313965,-0.12112427
2018-12-13,04:24:20.401,0.18806458,0.15400696,-0.24789429
2018-12-13,04:24:20.502,0.05278015,0.06983948,-0.45349120000000004
2018-12-13,04:24:20.599,-0.62472534,-0.042007446,-0.46946716
2018-12-13,04:24:20.696,-0.47239685,-0.010055541999999999,-0.29689026
2018-12-13,04:24:20.797,0.000579834,-0.024963378999999997,-0.18930054
2018-12-13,04:24:20.896,-0.14749146,0.23390198,-0.14881897
2018-12-13,04:24:20.997,0.25198364,-0.014312743999999999,-0.09449768
2018-12-13,04:24:21.098,0.1348114,-0.1836853,-0.12219238
2018-12-13,04:24:21.199,-0.34988403,0.28715515,-0.0018157959
2018-12-13,04:24:21.317,-0.098480225,-0.0345459,0.07061767599999999
2018-12-13,04:24:21.404,0.013366699,-0.11871338,0.12281799
2018-12-13,04:24:21.503,0.11669922,-0.25506592,-0.029510498
2018-12-13,04:24:21.600,0.11456299,0.20619202,-0.35760498
2018-12-13,04:24:21.700,-0.017532349,-0.098464966,-0.67292786
2018-12-13,04:24:21.800,-0.22099304,-0.24441528,-0.6281891
2018-12-13,04:24:21.901,0.16676329999999998,-0.12722778,-0.32884216
2018-12-13,04:24:22.002,0.012298584,0.027236938,-0.33311462
2018-12-13,04:24:22.103,-0.042022705,-0.06011963,-0.24789429
2018-12-13,04:24:22.220,0.06556702,0.047470093,-0.18183899
2018-12-13,04:24:22.308,0.19020079999999998,-0.063308716,-0.040161132999999995
2018-12-13,04:24:22.406,-0.016464233,0.098602295,0.11430359
2018-12-13,04:24:22.505,0.35850525,-0.053726196,0.25491333
2018-12-13,04:24:22.604,-0.12937927,0.060256958,0.31776428
2018-12-13,04:24:22.706,0.16889954,-0.119766235,0.037597656
2018-12-13,04:24:22.806,-0.044158935999999996,0.008056641,-0.38104248
2018-12-13,04:24:22.906,-0.037765503,0.126297,-0.4012909
2018-12-13,04:24:23.007,-0.3072815,0.0048675537,-0.2606659
2018-12-13,04:24:23.123,-0.009002686,-0.13043213,0.072753906
2018-12-13,04:24:23.211,-0.25933838,-0.20393372,0.115371704
2018-12-13,04:24:23.313,0.02508545,0.055999756,0.34866333
2018-12-13,04:24:23.408,-0.14642334,0.065582275,0.58514404
2018-12-13,04:24:23.509,0.17848206,0.18170166,0.6192321999999999
2018-12-13,04:24:23.608,0.20085144,0.16677856,0.66185
2018-12-13,04:24:23.709,-0.17304993,0.45014954,0.83122253
2018-12-13,04:24:23.810,-0.31367493,-0.26145935,0.66185
2018-12-13,04:24:23.910,0.04638672,-0.057983400000000004,0.37103270000000005
2018-12-13,04:24:24.026,0.06663513,0.114593506,0.06956482
2018-12-13,04:24:24.118,0.04319763,0.32870483,-0.3309784
2018-12-13,04:24:24.216,0.30418396,-0.110183716,-0.627121
2018-12-13,04:24:24.312,-0.7142029000000001,0.091156006,-0.28730774
2018-12-13,04:24:24.412,0.119888306,-0.34347534,-0.16799927
2018-12-13,04:24:24.512,0.23175049,-0.028152466,-0.091293335
2018-12-13,04:24:24.613,-0.027114867999999997,0.006988525400000001,0.010971068999999998
2018-12-13,04:24:24.714,0.070892334,-0.08781433,0.030151367000000002
2018-12-13,04:24:24.814,0.29885864,0.13056946,0.17076111
2018-12-13,04:24:24.930,-0.00048828125,-0.12722778,0.020553589
2018-12-13,04:24:25.023,-0.05480957,-0.15492249,0.035476685
2018-12-13,04:24:25.119,-0.34988403,0.009124756,0.107910156
2018-12-13,04:24:25.230,-0.09210205,-0.08248901,0.07807922
2018-12-13,04:24:25.348,-0.14002989999999998,-0.09739685,0.040802002000000004
2018-12-13,04:24:25.416,-0.027114867999999997,0.09967041,-0.08917236
2018-12-13,04:24:25.516,-0.029251099,-0.09527588,-0.13391113
2018-12-13,04:24:25.618,-0.21141052,-0.11231995,-0.27452087
2018-12-13,04:24:25.718,-0.086761475,-0.09207153,-0.13816833
2018-12-13,04:24:25.836,0.21789551,0.058120727999999997,0.10577392599999999
2018-12-13,04:24:25.925,0.01550293,0.2434845,0.24000549999999998
2018-12-13,04:24:26.019,0.08154297,0.22323608,0.16329956
2018-12-13,04:24:26.125,0.05278015,-0.07077026,0.31350708
2018-12-13,04:24:26.223,-0.22845459,0.014450073,0.34013367
2018-12-13,04:24:26.325,0.16462708,0.23283386,0.28900146
2018-12-13,04:24:26.424,-0.06866455,-0.049468994,0.25172424
2018-12-13,04:24:26.527,-0.015396118,0.005935669,0.22615051
2018-12-13,04:24:26.625,-0.044158935999999996,-0.056915283,0.17395020000000003
2018-12-13,04:24:26.745,0.021881104,-0.11764526,-0.038024902
2018-12-13,04:24:26.832,-0.22418213,-0.0079193115,-0.24362183
2018-12-13,04:24:26.927,0.24984741,0.16784668,-0.07745361
2018-12-13,04:24:27.027,0.07196045,-0.1091156,-0.18290710000000002
2018-12-13,04:24:27.126,0.19338989999999998,0.047470093,-0.18504333
2018-12-13,04:24:27.225,-0.102752686,0.395813,-0.0337677
2018-12-13,04:24:27.327,0.12734985,-0.0025939941,0.017364502
2018-12-13,04:24:27.427,0.17848206,-0.30513,-0.0060729980000000005
2018-12-13,04:24:27.527,0.16036987,-0.121902466,-0.046554565
2018-12-13,04:24:27.643,-0.16986084,-0.045196533,-0.07211304
2018-12-13,04:24:27.737,-0.0058135986,-0.22097778,-0.23936462
2018-12-13,04:24:27.830,-0.21246338,-0.05053711,-0.21166992
2018-12-13,04:24:27.931,-0.12937927,-0.16131592,-0.27770996
2018-12-13,04:24:28.031,0.010177611999999999,0.0016632079999999998,-0.3512268
2018-12-13,04:24:28.131,0.1113739,0.20832825,-0.22445679
2018-12-13,04:24:28.231,0.063430786,0.042144775,-0.23724365
2018-12-13,04:24:28.333,0.16462708,-0.03135681,-0.14562988
2018-12-13,04:24:28.434,-0.016464233,-0.005783081,-0.069992065
2018-12-13,04:24:28.546,-0.24549866,-0.08035278,0.0077667236
2018-12-13,04:24:28.639,-0.22738647,-0.2348175,0.10044861
2018-12-13,04:24:28.736,0.29032898,0.26052856,0.17289734
2018-12-13,04:24:28.832,-0.27212524,0.21578979999999998,0.27835083
2018-12-13,04:24:28.932,-0.34136963,0.31059265,0.28581238
2018-12-13,04:24:29.033,-0.13470459,0.11991882,0.2687683
2018-12-13,04:24:29.134,0.22003174,-0.1325531,0.2719574
2018-12-13,04:24:29.234,0.20724487,-0.22097778,0.028015137000000002
2018-12-13,04:24:29.335,0.07835388,0.024032592999999998,-0.042297363
2018-12-13,04:24:29.457,-0.12831116,-0.072906494,-0.1743927
2018-12-13,04:24:29.542,-0.060134888,0.077301025,-0.06678772
2018-12-13,04:24:29.639,0.0644989,-0.06863403,0.058914185
2018-12-13,04:24:29.736,0.24240112,-0.0047302246,0.119628906
2018-12-13,04:24:29.836,0.10498047,-0.14747620000000003,0.12495422
2018-12-13,04:24:29.937,-0.22525024,-0.10592651,0.07595825
2018-12-13,04:24:30.037,-0.03137207,-0.0079193115,-0.057205200000000005
2018-12-13,04:24:30.138,0.073013306,-0.20498657,-0.11366272
2018-12-13,04:24:30.239,-0.12086487,-0.17303467,-0.32991028
2018-12-13,04:24:30.357,-0.09315491,0.089019775,-0.50035095
2018-12-13,04:24:30.446,0.013366699,0.03149414,-0.64204407
2018-12-13,04:24:30.540,-0.34243774,-0.16452026,-0.45135498
2018-12-13,04:24:30.641,0.20298767,-0.033493042,-0.261734
2018-12-13,04:24:30.740,-0.09315491,-0.055862427,-0.28305054
2018-12-13,04:24:30.841,0.15290833,-0.037750244,-0.20101929
2018-12-13,04:24:30.942,0.004837035999999999,-0.084625244,-0.33630370000000004
2018-12-13,04:24:31.043,0.18167114,-0.0345459,-0.13496399
2018-12-13,04:24:31.143,0.27648926,-0.11444092,-0.067855835
2018-12-13,04:24:31.260,0.12948608,0.0016632079999999998,0.06210327
2018-12-13,04:24:31.349,-0.14535522,-0.09739685,-0.18397522
2018-12-13,04:24:31.445,0.03892517,-0.05265808,-0.038024902
2018-12-13,04:24:31.544,-0.124053955,-0.12509155,0.042922974
2018-12-13,04:24:31.645,-0.03883362,-0.02709961,-0.09661865
2018-12-13,04:24:31.746,0.12521362,0.10606384,-0.17651367
2018-12-13,04:24:31.847,-0.7344513,0.2988739,-0.093429565
2018-12-13,04:24:31.947,0.017623901,0.08583069,0.056777954000000005
2018-12-13,04:24:32.048,0.16036987,-0.15066528,0.25279236
2018-12-13,04:24:32.179,0.13693237,0.077301025,0.40512085
2018-12-13,04:24:32.254,-0.0058135986,0.055999756,0.41896057
2018-12-13,04:24:32.349,0.22854614,-0.09207153,0.24958801
2018-12-13,04:24:32.448,0.10923767,-0.08355713,0.18780518
2018-12-13,04:24:32.549,-0.053741455,-0.030288696,0.3507843
2018-12-13,04:24:32.649,-0.21673584,-0.10379028,0.40724182
2018-12-13,04:24:32.750,0.053848267000000005,0.03363037,0.27728270000000005
2018-12-13,04:24:32.851,-0.07611084,-0.03881836,0.18141174
2018-12-13,04:24:32.951,0.12841797,0.05067444,0.080215454
2018-12-13,04:24:33.068,0.2956543,0.29994202,-0.050811768
2018-12-13,04:24:33.161,-0.14323425,0.3457489,0.12281799
2018-12-13,04:24:33.253,-0.04522705,-0.3274994,0.18460083
2018-12-13,04:24:33.352,0.05278015,0.05493164,-0.0082092285
2018-12-13,04:24:33.454,-0.19329834,0.30952454,0.05996704
2018-12-13,04:24:33.554,-0.10914612,-0.07823181,0.12281799
2018-12-13,04:24:33.654,0.23919678,-0.02709961,0.35824585
2018-12-13,04:24:33.755,-0.18904114,-0.23269653,0.31137085
2018-12-13,04:24:33.855,0.35531616,-0.084625244,0.18034363
2018-12-13,04:24:33.977,-0.034576416,-0.1986084,-0.012466431000000002
2018-12-13,04:24:34.055,0.23493958,-0.22949219,-0.16267395
2018-12-13,04:24:34.157,0.12309265,0.35853577,-0.09449768
2018-12-13,04:24:34.257,0.122024536,0.091156006,-0.2106018
2018-12-13,04:24:34.360,-0.5576171999999999,0.09648132,-0.14775085
2018-12-13,04:24:34.457,0.028274536,0.06451416,-0.09555054
2018-12-13,04:24:34.560,0.18701172,0.21365356,0.017364502
2018-12-13,04:24:34.659,0.06982422,0.020843506,0.13453674
2018-12-13,04:24:34.762,0.18273926,-0.12936401,0.11430359
2018-12-13,04:24:34.878,-0.05480957,0.11564636,0.13774109
2018-12-13,04:24:34.968,-0.16560364,-0.07609558,0.13560486
2018-12-13,04:24:35.063,-0.022857666000000002,-0.12403869999999999,0.056777954000000005
2018-12-13,04:24:35.162,-0.29556274,0.38090515,-0.017791748
2018-12-13,04:24:35.261,0.07196045,-0.044143677,0.06210327
2018-12-13,04:24:35.362,0.20938110000000001,-0.41804504,0.026947021
2018-12-13,04:24:35.462,0.008041382,-0.11338806,-0.025253296
2018-12-13,04:24:35.563,0.019760132,0.24134827,-0.044418335
2018-12-13,04:24:35.664,0.43840027,-0.43615723,-0.08489989999999999
2018-12-13,04:24:35.781,-0.3669281,0.22537231,-0.019927979
2018-12-13,04:24:35.870,0.23919678,0.026168822999999997,0.0045776367
2018-12-13,04:24:35.965,0.35957336,-0.014312743999999999,0.068496704
2018-12-13,04:24:36.066,0.32868958,-0.07823181,0.13667297
2018-12-13,04:24:36.165,0.030410767000000002,-0.011108398,0.2687683
2018-12-13,04:24:36.267,-0.6130066,0.33296204,0.2922058
2018-12-13,04:24:36.367,-0.20820618,0.037887573,0.09086609
2018-12-13,04:24:36.468,0.24984741,-0.05479431,0.012039185
2018-12-13,04:24:36.568,0.0059051514,-0.084625244,-0.017791748
2018-12-13,04:24:36.684,0.119888306,0.07411194,-0.07318115
2018-12-13,04:24:36.776,0.041061400000000005,-0.1794281,-0.26280212
2018-12-13,04:24:36.871,-0.77493286,-0.08567810000000001,-0.22552489999999997
2018-12-13,04:24:36.969,-0.11340332,-0.13787842,-0.28942870000000004
2018-12-13,04:24:37.070,0.31057740000000006,0.22644043,-0.3032837
2018-12-13,04:24:37.170,-0.13684082,0.30740356,-0.1232605
2018-12-13,04:24:37.271,0.0016479492000000002,-0.05265808,0.04931640599999999
2018-12-13,04:24:37.372,0.021881104,0.07090759,0.26449585
2018-12-13,04:24:37.472,-0.35520935,-0.035614014,0.084472656
2018-12-13,04:24:37.590,0.02508545,0.2626648,0.18673706
2018-12-13,04:24:37.679,0.27755737,-0.39248657,0.18566895
2018-12-13,04:24:37.775,0.0037841796999999997,0.114593506,0.23468018
2018-12-13,04:24:37.873,0.18380737,-0.15812683,0.041870117000000005
2018-12-13,04:24:37.975,0.06556702,-0.14533997,-0.26280212
2018-12-13,04:24:38.074,-0.3892975,0.14122010000000002,-0.17544556
2018-12-13,04:24:38.175,0.47143555,-0.38502502,-0.18930054
2018-12-13,04:24:38.276,0.07728577,0.036819458,-0.14988708
2018-12-13,04:24:38.377,-0.1666565,0.25094604,-0.012466431000000002
2018-12-13,04:24:38.492,-0.09742737,0.13908386,0.15478516
2018-12-13,04:24:38.583,0.07621765,0.08369446,0.25704956
2018-12-13,04:24:38.677,-0.114471436,-0.035614014,0.17501831
2018-12-13,04:24:38.778,0.38194275,0.13375854,0.03227234
2018-12-13,04:24:38.878,-0.09742737,0.09327698,-0.044418335
2018-12-13,04:24:38.979,0.20085144,-0.23269653,-0.025253296
2018-12-13,04:24:39.078,-0.110198975,-0.17303467,-0.02204895
2018-12-13,04:24:39.178,0.25411987,0.021911621000000003,-0.1509552
2018-12-13,04:24:39.279,0.098587036,0.16145325,-0.27770996
2018-12-13,04:24:39.397,-0.086761475,-0.37863159999999996,-0.21273804
2018-12-13,04:24:39.490,-0.3072815,0.011260986,-0.16586304
2018-12-13,04:24:39.582,0.12095642,0.21897888,-0.05506897
2018-12-13,04:24:39.681,0.04319763,-0.012176514,0.05357361
2018-12-13,04:24:39.782,0.2839508,-0.11125183,0.13346863
2018-12-13,04:24:39.883,0.122024536,-0.13362122,0.12069702
2018-12-13,04:24:39.984,-0.026046753,0.15187073,0.06529236
2018-12-13,04:24:40.084,0.26583862,0.24028015,0.16543579
2018-12-13,04:24:40.185,-0.6279296999999999,-0.21351624,0.23574829
2018-12-13,04:24:40.300,0.0836792,-0.51712036,-0.029510498
2018-12-13,04:24:40.455,-0.02178955,-0.042007446,-0.15307617
2018-12-13,04:24:40.485,0.028274536,-0.063308716,-0.308609
2018-12-13,04:24:40.586,-0.1592102,0.05279541,-0.18716429999999998
2018-12-13,04:24:40.687,0.07196045,-0.06544495,-0.24150085
2018-12-13,04:24:40.787,-0.4606781,-0.037750244,-0.13710022
2018-12-13,04:24:40.887,0.10284424,0.19128418,0.051452637
2018-12-13,04:24:40.987,-0.154953,0.089019775,0.25598145
2018-12-13,04:24:41.088,0.2690277,0.06239319,0.24212646
2018-12-13,04:24:41.204,0.032546997,0.005935669,0.18247986
2018-12-13,04:24:41.296,-0.5842438,0.42778015,0.17289734
2018-12-13,04:24:41.389,0.27223206,0.051742554,0.32415770000000005
2018-12-13,04:24:41.489,0.018692017,0.063446045,0.26556396
2018-12-13,04:24:41.591,0.34040833,-0.26571655,0.072753906
2018-12-13,04:24:41.691,-0.011138916,-0.1517334,-0.103012085
2018-12-13,04:24:41.792,-0.20181274,0.008056641,-0.15414429
2018-12-13,04:24:41.892,-0.077178955,-0.16770935,-0.04548645
2018-12-13,04:24:41.993,-0.088897705,-0.015380858999999998,-0.33418274
2018-12-13,04:24:42.108,-0.47451782,0.28289795,-0.38424683
2018-12-13,04:24:42.202,0.07835388,0.53004456,-0.14668274
2018-12-13,04:24:42.297,0.14653015,0.061325073,0.11642456
2018-12-13,04:24:42.394,0.18594360000000001,-0.015380858999999998,0.04612732
2018-12-13,04:24:42.495,0.06556702,-0.11125183,0.037597656
2018-12-13,04:24:42.595,0.13160706,-0.23374939,-0.103012085
2018-12-13,04:24:42.696,-0.29023743,0.48423767,0.17289734
2018-12-13,04:24:42.796,-0.07292175,0.0037994384999999998,0.056777954000000005
2018-12-13,04:24:42.897,0.43307495,-0.5831604,0.21124268
2018-12-13,04:24:43.013,-0.19755554,0.06451416,0.091934204
2018-12-13,04:24:43.105,0.010177611999999999,0.2519989,-0.24150085
2018-12-13,04:24:43.202,0.010177611999999999,-0.513916,-0.58984375
2018-12-13,04:24:43.298,-0.124053955,-0.023895264,-0.20420837
2018-12-13,04:24:43.399,-0.12298584,0.08262634,-0.13391113
2018-12-13,04:24:43.499,-0.13896179,-0.010055541999999999,0.15585327
2018-12-13,04:24:43.599,0.000579834,-0.0015258789000000001,0.2442627
2018-12-13,04:24:43.700,0.17315674,0.15719604,0.19206238
2018-12-13,04:24:43.801,-0.048416138,-0.08888245,0.13880920000000002
2018-12-13,04:24:43.918,0.5758209,-0.24441528,0.16223145
2018-12-13,04:24:44.010,-0.014328003,-0.08248901,0.15158081
2018-12-13,04:24:44.101,0.30632020000000004,0.17637634,0.04931640599999999
2018-12-13,04:24:44.202,-0.20820618,-0.119766235,-0.038024902
2018-12-13,04:24:44.303,-0.15600586,0.220047,-0.23085022
2018-12-13,04:24:44.402,0.26370240000000006,-0.053726196,-0.4332428
2018-12-13,04:24:44.505,0.33613586,0.030426025,-0.19995117
2018-12-13,04:24:44.604,-0.09529114,-0.08142089999999999,-0.069992065
2018-12-13,04:24:44.705,0.041061400000000005,-0.035614014,0.025878906
2018-12-13,04:24:44.822,-0.29556274,0.17530823,0.052520752000000004
2018-12-13,04:24:44.914,-0.051620482999999995,-0.023895264,0.030151367000000002
2018-12-13,04:24:45.008,0.27435303,0.046401977999999997,0.033340454
2018-12-13,04:24:45.107,0.27116394,0.011260986,-0.10408019999999998
2018-12-13,04:24:45.207,-0.5096741,-0.018569946,-0.17332458
2018-12-13,04:24:45.307,0.17634583,-0.14108276,0.008834839
2018-12-13,04:24:45.409,-0.29449463,0.09648132,0.013107299999999997
2018-12-13,04:24:45.508,-0.06333923,0.010192871,-0.12858582
2018-12-13,04:24:45.609,-0.017532349,0.005935669,-0.31074524
2018-12-13,04:24:45.724,0.21682739999999998,-0.37863159999999996,0.0077667236
2018-12-13,04:24:45.816,-0.07398987,0.060256958,-0.069992065
2018-12-13,04:24:45.909,-0.12298584,0.026168822999999997,0.0056457519999999995
2018-12-13,04:24:46.010,-0.15814209,-0.121902466,0.012039185
2018-12-13,04:24:46.111,-0.10380554,0.21578979999999998,-0.028442382999999998
2018-12-13,04:24:46.214,-0.14428711,-0.08035278,0.0045776367
2018-12-13,04:24:46.312,-0.037765503,0.065582275,0.040802002000000004
2018-12-13,04:24:46.412,0.12628174,0.059188843,0.09086609
2018-12-13,04:24:46.512,0.082611084,-0.008987427,0.08554077
2018-12-13,04:24:46.617,0.17102051,0.05067444,0.07914734
2018-12-13,04:24:46.713,0.053848267000000005,0.05067444,0.11430359
2018-12-13,04:24:46.814,-0.022857666000000002,0.079437256,0.02482605
2018-12-13,04:24:46.914,0.035736084,0.044281006,0.028015137000000002
2018-12-13,04:24:47.014,-0.047348022000000003,-0.033493042,-0.05506897
2018-12-13,04:24:47.115,-0.049484253,0.07090759,-0.116867065
2018-12-13,04:24:47.215,0.14013672,-0.11231995,-0.22445679
2018-12-13,04:24:47.316,-0.108078,-0.26039124,-0.36399840000000006
2018-12-13,04:24:47.416,0.0687561,0.09434509,-0.5131378
