UE1vsUE2,acc_all,acc_x,acc_y,acc_z,gyro_all,gyro_x,gyro_y,gyro_z,on_same,UE3vsUE4,UE1vsUE3,UE2vsUE3
1.0,0.04127718777393556,0.17350495851684378,0.1926427545080046,0.04082578942464533,0.012740124822921348,0.3672524836726761,0.05627264877048171,0.006298583870336549,1.0,0,0,0
0,0.027629606560782106,0.02746078190737539,0.018446487518718514,0.045731333323324096,0.5954124481237357,0.008584076207987516,0.10383276029512335,0.8036984265608591,1.0,1.0,0,0
0,0.0019818036163355046,0.03685003926989259,0.019634919072530673,0.0016924634208144444,0.24179489458356881,2.5629648775413716,3.4944279378439274,0.024290023953763045,0.0,0,1.0,0
0,0.0530102191773227,0.06130580046785859,0.09231391427068754,0.049053982557975676,0.3699346775020471,5.960568588577672,4.7759381283239355,0.049499570964277435,0.0,0,0,1.0
1.0,0.004432460701570753,0.029273332679280097,0.0513526890349504,0.004810332657572808,0.0010791722104832547,0.016843045441105285,0.02008022638358182,7.835566362898675e-06,1.0,0,0,0
0,0.008849993082746366,2.0537431550051077,0.011899430630585487,0.003813162260384756,1.1710309608858,0.698850496282706,16.771244626351596,4.6011159406990885,1.0,1.0,0,0
0,0.018251305943262682,1.9538921614267428,0.06229077195514303,0.020501691535572554,5.5644661107115,4.561948889138626,6.706348787558741,0.39592920235078877,0.0,0,1.0,0
0,0.01568076208419742,2.1273214987533153,0.08368514115663073,0.016890492894662486,5.632534202556329,4.431651317664571,7.483684884218295,0.3976642032426252,0.0,0,0,1.0
1.0,0.010253155121172697,0.008884048074385151,0.10962052427363896,0.010200017676954769,0.531627766012015,0.01590408554020265,0.26353190939787796,0.00043485529622603686,1.0,0,0,0
0,0.0009176444433768655,15.428351279562747,0.18973093009017453,0.014166201004380841,13.629976354192298,0.44086920688987796,7.633104000603095,4.0294404251729885,1.0,1.0,0,0
0,0.004725239728948343,12.691661554597005,0.1859032318640958,0.0048848924932918605,3.1731964115741356,4.129226505184689,1.3909374972303792,0.15651215573317814,0.0,0,1.0,0
0,0.002732817640922063,12.816422766498224,0.06072086435402053,0.0027573977448802586,5.191743417240924,4.160663819561298,2.5363796041465188,0.1722604036436679,0.0,0,0,1.0
1.0,0.0063416429725105805,0.009610127410438398,0.3243377115442969,0.007093040920517014,0.6259237126190579,0.8209756409968808,0.0017047085448655352,0.000695203893615852,1.0,0,0,0
0,0.45471258613986837,0.6940182241549431,0.1304054962115874,0.0036863021600998538,0.11357016322589836,8.13565449138992,4.219078366782511,1.619370609836513,1.0,1.0,0,0
0,0.036289367031507876,1.7051472143661337,0.35570774253840054,0.026251298287484726,2.3263474258651073,12.344857068447029,4.102290389748917,14.017329305212336,0.0,0,1.0,0
0,0.020393608376110203,1.8456303091279422,0.16976268536253247,0.012258210275210759,0.4398917168439103,4.113774532226653,4.114902197905482,13.712207019248499,0.0,0,0,1.0
1.0,0.013955826609008229,0.02874873441473159,51.35548940066186,0.020678478119161285,0.19595304135424074,0.0424408127138002,0.015709793914616438,3.450512272174941e-05,1.0,0,0,0
0,0.0027325848229669708,1.7070476478414074,1.2329379267340497,0.025142965880464035,0.20015485411096023,4.498436113721057,172.8679192980203,49.131552126064484,1.0,1.0,0,0
0,0.012222928514638324,1.41382417030083,0.4844997740107528,0.011100431892326679,0.4136348179313686,0.3869733435494691,34.472833544623235,0.08668926350081424,0.0,0,1.0,0
0,0.018604136418433167,1.044567157817737,28.08152890575355,0.022404881410230643,1.0780531286475716,0.24096352058048884,34.560369103729194,0.08341886678465825,0.0,0,0,1.0
1.0,0.012664805677209456,0.22025819979674766,9.239784163290887,0.021557454357876014,0.18227062008322803,0.0028851623567394923,0.8024519273718025,1.9966466689480756e-05,1.0,0,0,0
0,0.001540340710379859,1.048264962314738,1.305510352569132,0.23178690916179737,0.08657889720610057,0.5380480569955274,1.3642857536265298,2.524452246792543,1.0,1.0,0,0
0,0.013682138555078577,0.5197075940523658,0.32333784554290845,0.025130999580558533,0.2039639516874612,0.17942765981194467,7.2683634995834225,5.847651235311483,0.0,0,1.0,0
0,0.0031656294136924693,1.0602618566758097,5.149411188492669,0.004035763958167184,0.028076290290883862,0.17268153701801525,19.809305080897865,5.85700294848372,0.0,0,0,1.0
1.0,0.010399735274602842,0.14308901656434028,1.4944907089849893,0.02035866029381279,0.03330098420645108,0.16042967510503572,0.0029818776521434416,0.015618382546775925,1.0,0,0,0
0,0.002730055338830002,0.9618673848235213,0.502157499061627,0.4674209789780833,0.5782003811121614,6.3351348943604,7.737329451802544,5.602899643252362,1.0,1.0,0,0
0,0.017927566499844824,0.20068544987132145,0.049984455666006664,0.029783355323080792,0.224317244406893,0.16522043851082854,2.246721007009055,0.29364682170457806,0.0,0,1.0,0
0,0.004664201682458523,0.14281811554410373,1.273885752985245,0.004876721926399867,0.39746667644244404,0.15664803403986993,2.086976743130965,0.4474664622971892,0.0,0,0,1.0
1.0,0.008756679698937215,0.4763716446790971,51.404865956109546,0.01081114556817769,0.46011007026913364,0.154486510773981,0.001173662279541957,1.2976929928086127,1.0,0,0,0
0,0.008077408650206244,39.0808792456623,0.6367227621079511,0.03157457102335742,0.17016366944528763,4.306328479379847,5.904964524675014,4.329195108999661,1.0,1.0,0,0
0,0.004176410111781935,28.917704377834333,0.0891641594903463,0.004378839295633319,0.5723571619957479,0.24100377998175285,0.12110924578023519,11.167337703313294,0.0,0,1.0,0
0,0.002913643096606689,23.003066846261774,53.281197850784324,0.0037640278966947576,0.027432657766260627,0.054694761755124326,0.11909712337305416,5.645985605594954,0.0,0,0,1.0
1.0,0.026346158463223832,0.14115601308826264,0.16142046728859097,0.06504444230699843,0.7539224938549132,0.019703666107332565,0.0012697646122591538,0.010440824858617687,1.0,0,0,0
0,0.015377893932673468,14.783129175464387,0.5895646482976559,0.026585605082800747,0.03511150176179888,5.479158705084244,4.471186007228074,4.152525983456276,1.0,1.0,0,0
0,0.03076924027341988,6.364531097219046,0.10985570479213957,0.07535344588200364,0.1162114265518035,0.2372307839280167,0.07467051642195584,0.22894866843641903,0.0,0,1.0,0
0,0.01051321140619117,8.282313052895097,0.04290771333028896,0.010944691093827764,0.3039851799009167,0.3793401447558499,0.0858494338815383,0.1427142835963194,0.0,0,0,1.0
1.0,0.02085704272503621,0.1392672341407538,0.2711396026275973,0.016316562076995285,0.40240531062477813,0.11887848569538124,0.3025724909225182,8.950798861076344e-05,1.0,0,0,0
0,0.0019368370811703786,2.1663605741834964,0.40319650257162265,0.07346907787270235,0.13008193771688314,6.225846090051856,4.271134322167882,4.081038155064623,1.0,1.0,0,0
0,0.03304950307793609,2.2477535377334923,0.026123514620889635,0.08871327215528521,0.6220396368326709,0.033215861361970106,0.3151322784289464,0.030287314783849467,0.0,0,1.0,0
0,0.0836833331014621,1.3236411633813312,0.16187972078256635,0.08807027844155445,0.053787631574174995,0.12365101779567421,0.16057783093492634,0.029837897122675896,0.0,0,0,1.0
1.0,0.013037467076153782,0.1508529344216591,1.9662605766490397,0.009385084596269687,0.06658800773072832,0.05322539292172082,0.01384287050987224,0.0008683856094135046,1.0,0,0,0
0,0.02735161274235936,1.2591368351476178,0.9651532236120196,0.007304256801189497,0.10027649108024482,4.333012311467809,4.116948506067854,4.105757357621403,1.0,1.0,0,0
0,0.033459414852085735,0.4429262986074038,0.6165851167557096,0.01845438410153673,2.992755751781924,0.6104305405667196,0.08221698681982287,0.14362523143841555,0.0,0,1.0,0
0,0.06268553632403653,0.22109366793617236,1.021013179144934,0.027688650332056794,1.9870000903069307,0.2948783055447171,0.05156002190664217,0.16263418168133428,0.0,0,0,1.0
1.0,0.009830145760038128,6.331206726113751,0.364681410351374,0.01013742461272414,7.2710047965818925,0.3998363376982785,0.028061599178839026,3.790364419173514,1.0,0,0,0
0,0.0023181727141294516,3.956276513399823,1.6250629950821311,0.018809440175258776,3.4739549058117722,4.16483355639464,5.372117570251633,5.10680749734667,1.0,1.0,0,0
0,0.010283786959210877,2.2861418067918318,0.649467543498022,0.014983796375968084,0.5769809231236801,1.6798451572245667,3.0989568669904286,7.938287241336774,0.0,0,1.0,0
0,0.0014654027246454287,3.3061907403452286,0.11088420925855084,0.0015285647505774204,6.9930151934126705,0.37477909185872016,3.9428005010208693,33.27181673434541,0.0,0,0,1.0
1.0,0.0024993907696387167,6.026088452427161,0.1630491612463544,0.003957181067228315,0.055689177846159295,0.0031670958438067593,0.006959000187904936,2.17073774820592,1.0,0,0,0
0,0.28262492239084175,1.2079939096260153,1.1254854293189651,0.004990420494550424,1.434118112236515,4.272324550074812,4.082069990065358,14.129923791149514,1.0,1.0,0,0
0,0.052627960645622696,0.297190811333477,0.3353001100626088,0.032069032135930035,0.6983323636379896,1.9844654211126294,2.9391716875691722,5.176046510901585,0.0,0,1.0,0
0,0.06616045709131894,5.516925185140438,0.339380428001539,0.04569016192047044,0.6733374194925457,2.090510569754687,3.2271384528533047,10.998075030217022,0.0,0,0,1.0
1.0,0.0032309382779552327,47.190878891594664,1.2117153028777365,0.0023821943268440837,0.2041272764629653,0.191457545442444,0.017094709337968514,0.12690903133177328,1.0,0,0,0
0,0.001460429063648121,1.269484140568629,1.5736395687830496,0.022265448095661017,9.079963356884,5.139917530762019,24.844066880769482,4.179365141925457,1.0,1.0,0,0
0,0.003001815335551483,0.5200321293711384,0.5800643952297844,0.0035914549020633546,0.07947076691152213,5.054243014042508,95.65705728200965,5.214252563252175,0.0,0,1.0,0
0,0.003080890092709212,28.963086626529126,0.2011319118800143,0.0025785553831501997,0.2909636439250497,2.7464461650084813,105.64869662441545,4.552203121418694,0.0,0,0,1.0
1.0,0.003182620199948432,0.3343218229855517,20.943234223957198,0.003385405436918882,0.35568813943926225,0.007072909078272092,0.016264194906101953,0.0034725804411241323,1.0,0,0,0
0,1.1176372804156127,1.1359015751131016,0.0232507596218964,0.004170688522434455,0.16533605102541352,92.69718568010224,10.83416328801477,0.09549777090359393,1.0,1.0,0,0
0,0.007278182030090933,0.2733543044842207,0.03456720887666877,0.014617711031830795,2.3184112773050924,98.22353607120667,0.07250475716193791,4.051738476111602,0.0,0,1.0,0
0,0.0070709512526255965,0.29464341385587,19.402341755331342,0.011742637843110679,0.7351012586113412,106.27628353826333,0.024914893740952855,4.0353353883091225,0.0,0,0,1.0
1.0,0.016886437008380068,0.1380208009153867,5.8507971061415,0.01157805234928969,0.392924674422761,0.14473160051790118,0.10949613714062853,0.026491637381469826,1.0,0,0,0
0,0.0006476015777366175,1.5486932122898105,0.3517559099606289,0.01265242548407393,8.827264909810944,69.25193057616258,4.499607076821046,6.945714041155247,1.0,1.0,0,0
0,0.08349133987352098,0.45507869718471133,0.03448661674080884,0.06610129125188638,7.961652153778295,74.78851433449832,1.0110851540126264,0.058457929694851425,0.0,0,1.0,0
0,0.03331915789519932,0.2246186903202633,5.939125909776185,0.031979538579631636,15.003988776694287,109.59000061655308,0.44486243887415866,0.03455980731051562,0.0,0,0,1.0
1.0,0.008178916698349819,0.011213212121560992,5.039858422932544,0.008953138977554256,0.023645801737300246,1.0469720691779059,0.03085165147372474,0.0012178380405253955,1.0,0,0,0
0,0.11297637037827168,0.038378343634189065,0.013492782933937847,0.19803082334605748,25.880971481374825,5.206234135141618,0.04528910949833315,0.2510290790986562,1.0,1.0,0,0
0,0.24947756401574034,0.09841827638505278,0.014018081635068498,0.23995998239393534,21.724718474624787,6.015671438950823,0.36308851264859404,4.221838938085466,0.0,0,1.0,0
0,0.1930888485870415,0.09147869353563115,5.130167322996421,0.18314227782336417,19.390350084120687,1.3425796650667614,0.6088744425192872,4.192284714096011,0.0,0,0,1.0
1.0,0.03767475103621641,0.040752061984701896,2.1672373638962297,0.1508616900683008,0.36442488987852983,0.02876687622921325,0.010193041258020836,0.0023783396800961957,1.0,0,0,0
0,0.000400853653853245,0.19621509661365513,0.20120072495155458,0.01952736365850162,7.086009760107556,6.59055220585989,4.152438073257104,7.847752184691505,1.0,1.0,0,0
0,0.11641016418012443,0.12195754806192202,0.020815107573510152,0.29877982971738,4.905941202953552,4.817035122535549,0.1075871354998451,0.17919625296497516,0.0,0,1.0,0
0,0.027471259267315588,0.04739979891990851,1.8085514341767797,0.031712939069299895,9.949388784669424,3.836554711971915,0.1585040548433972,0.21605272869553346,0.0,0,0,1.0
1.0,0.010387510188543796,0.07341190109786597,5.994183751517377,0.009035194662987234,0.18850389386449212,0.22410200298868643,0.0161861263112262,0.0034326876765551446,1.0,0,0,0
0,0.02089332976030202,1.32768857648492,0.04342442361469213,0.04903141437876294,2.0230729443129727,5.199123258640148,3.240829892603332,1.2077515557743717,1.0,1.0,0,0
0,0.21610931303944717,0.6618485385917333,0.03228827856663291,0.12341843021749951,2.6618849234622197,1.0369435012544075,2.1429250193779836,5.397780424939298,0.0,0,1.0,0
0,0.14089721182993048,0.8831171336735941,5.529521502648707,0.07609951675265747,1.2780876972429844,2.4133361224252905,2.6310290419627074,5.246804600622907,0.0,0,0,1.0
1.0,0.04281281435460306,0.0800422445142369,3.8810735054515613,0.145934529995025,0.008525221999187283,0.0010107222346374296,0.008007722080735335,0.006969870349511734,1.0,0,0,0
0,0.0008822711141651396,7.796892508442436,0.3217693115787335,0.021752471504604527,2.0481558267821827,4.318670573393413,6.55626638509602,4.106697762538355,1.0,1.0,0,0
0,0.09243953492749543,3.454493467278677,0.1447421747452606,0.2249712041880229,4.3936706485093815,0.07506070041610416,2.3928106351325886,0.38733884938684,0.0,0,1.0,0
0,0.013414485873681447,3.9564605032612947,5.623232058867574,0.012162462681623566,4.29832149666437,0.07898904388282033,2.7513602050478396,0.4683423882194376,0.0,0,0,1.0
1.0,0.010745842996155369,3.58596687303966,14.355847661923832,0.009538248233468372,0.7420216485179429,0.004424632090436366,0.002670657471013245,2.5506900485772492,1.0,0,0,0
0,0.05021613611941889,0.3551817793093945,0.47649497791557743,0.015631591550577414,0.1872394957199892,4.314531466834079,12.027538414718013,4.032829746544289,1.0,1.0,0,0
0,0.12526854722551273,4.231003844063949,0.08276404806602419,0.1280152454860152,1.8750059188645272,0.2635534424584267,0.0703722087759879,1.5155670737402374,0.0,0,1.0,0
0,0.07219125931934617,0.4912944918596485,11.707898694812856,0.08101343309811514,0.23065967779417815,0.3224680596211558,0.08002884841955676,3.691642371641244,0.0,0,0,1.0
1.0,0.005127844769291994,2.318574310913634,0.6788074117866507,0.006009915383425425,0.46311542141615586,0.0018669947551564078,0.010465164932090732,0.6513506549035012,1.0,0,0,0
0,0.021346889239774687,0.2297651247690392,0.7931211356215266,0.3795171703621456,0.023148854972505354,0.4307468263228947,4.224104934426868,7.213091632713397,1.0,1.0,0,0
0,0.007531603386205279,0.18981824375689524,0.27703689847864166,0.006161762448687042,5.726081169829704,2.3013033986181566,0.612327054462954,5.127413524265488,0.0,0,1.0,0
0,0.010217909415143476,2.0212930073093416,0.8334463899021675,0.010744586015120449,11.86838030804202,2.2195020262374223,0.783180660659739,6.085343328060956,0.0,0,0,1.0
1.0,0.004688068611555284,0.14002847799027357,0.2678546698902602,0.0053303839967081094,0.9010152917778166,0.06025282390732767,0.058825903994875625,0.016974321992212823,1.0,0,0,0
0,0.003978393215112409,24.60595541645726,0.30779040549884595,0.04821733346046978,1.007179448344995,4.360991518653091,4.029187285074157,8.928819673211306,1.0,1.0,0,0
0,0.011364299810322992,31.054549584014975,0.016736808139388524,0.014738081171851545,3.9919824279377267,7.891116146208854,0.5916752668340804,1.6008366110236807,0.0,0,1.0,0
0,0.003013795372389685,23.8397551688819,0.29565807949381256,0.004544195379437467,6.6850158159921245,10.50597940682516,0.3256355281180595,1.847749487436616,0.0,0,0,1.0
1.0,0.006585010855763132,0.20378578378222725,0.3421828537394048,0.007021612084361561,0.11984265608246118,0.006517367671835367,0.07406762238380094,0.00010416412792687608,1.0,0,0,0
0,0.03469743556798458,0.6301937417116212,0.01811029318066362,0.012277961312577421,0.4851642775323737,0.9579983777537715,12.35247140173442,3.5555945389483434,1.0,1.0,0,0
0,0.15384210713075988,0.2899912899703365,0.05647933581752808,0.1421828623880832,0.23089533766371306,10.292635794674258,0.5163182674062697,4.730760784349008,0.0,0,1.0,0
0,0.10474565314514996,0.39453315004860484,0.5360845972371779,0.0943734057965195,0.5765613795062184,10.009131758969316,0.9895104437991699,4.744485771256632,0.0,0,0,1.0
1.0,0.006011837947814197,0.02930901337580829,0.3091702905659186,0.007845062010301497,0.19405635810146538,0.20865734596283897,0.005901303600737938,0.0021096498749177237,1.0,0,0,0
0,0.0006918005013157461,1.0742289584013438,0.2152785214996208,0.03507613085698856,7.293654946890602,4457.010446882975,5.5518412414963505,31.96945713345594,1.0,1.0,0,0
0,0.017782695544125295,0.2537329246204882,0.7665069839578325,0.02090871811771492,0.7530509301744104,4757.991975307392,1.8694571863957221,14.817821394922776,0.0,0,1.0,0
0,0.00779174309158429,0.1752205863313998,0.2569646058091023,0.007383238971100999,1.6091122411857988,7433.484156926668,2.0815492516509786,14.266721617959716,0.0,0,0,1.0
1.0,0.018619543818481295,0.02618670303198739,13.607838143939272,0.02008657848829267,0.1138240272107549,0.0352214891300702,0.04615259708176652,4.355929823775794e-05,1.0,0,0,0
0,0.0881518021285065,0.9603922711660684,0.04911580982555845,0.42900165097702103,2.3655325150351083,4.119727999750858,5.264477062448644,5.417600326097415,1.0,1.0,0,0
0,0.48985782605765443,0.43773230150442005,0.08201641555153157,0.6753172053414789,0.9707881734353411,0.05915085467975587,1.0757757363748854,14.567147362377765,0.0,0,1.0,0
0,0.33700783004797935,0.3292775721978235,14.915706097893082,0.4863678295229395,1.791600266960487,0.11095960372324135,1.6282406292538736,14.48769085084635,0.0,0,0,1.0
1.0,0.02548179614559662,0.02722125056141665,2.6881991247768986,0.020937461837010566,0.2570483391645797,0.024349202552939188,0.011556997575412448,0.003304456219136824,1.0,0,0,0
0,0.0018082746456555634,1.7671616040929476,0.9035303642922439,0.013885503653324485,183.12073182261585,9.230809595673483,4.208925624508733,5.669606612469389,1.0,1.0,0,0
0,0.0879819827757278,0.9998471738584637,2.734936688209625,0.06883079241684534,485.12818279956286,12.172238841910271,0.24322428320053702,4.506788294595935,0.0,0,1.0,0
0,0.04279411093139805,0.862149785099648,0.15837286619003918,0.04258279185780151,306.2457874791808,14.41479307036012,0.24885152895921236,4.180288714018587,0.0,0,0,1.0
1.0,0.026832615682411194,0.051735563812920306,0.581709653150026,0.027562477577320648,0.1377163345187238,0.006942017031816552,0.021217251654800616,0.007246871281632425,1.0,0,0,0
0,0.9269942883458239,0.9050131907884504,0.572676001707257,0.016558529204973117,0.02177270204455971,6.759239656972096,42.594903233570676,5.40431418628744,1.0,1.0,0,0
0,0.01211929568562806,1.1638855734420697,0.2367092406475568,0.009184863165645775,0.669045761801599,8.072825134603168,1.7238876499518798,4.474453465164402,0.0,0,1.0,0
0,0.011844103197886627,1.3145795662654884,0.1266861434913976,0.021179054625343682,1.4682128203042761,7.684380224644069,1.3540794437535697,4.365547670372936,0.0,0,0,1.0
1.0,0.0753189705904676,0.05800801365994135,0.9298489646874523,0.03571575208537131,0.39826250773576777,0.2554000971288015,0.02514824569268991,0.005899906683526445,1.0,0,0,0
0,0.0027929974145930975,2.60689876164247,1.0488164737648524,0.008075107118685105,1.3812076186496518,8.583439224224058,4.144305082926255,78.8118201716164,1.0,1.0,0,0
0,0.1355315874711213,2.581981085383424,0.268572068597934,0.06550277350721602,2.4248773873101683,15.098275353570713,0.1277374052636545,29.086492943673864,0.0,0,1.0,0
0,0.01668056482135999,1.9030110758610488,0.24438131715149886,0.011369436830216585,5.73372239998281,8.52412619537219,0.06550376177653315,30.889712987930068,0.0,0,0,1.0
1.0,0.014193157663235454,0.24722024983047206,1.6815916271402749,0.013451357508023024,0.2456862949360315,0.005346298994116687,0.07360266654566966,0.0005778766687274793,1.0,0,0,0
0,0.00848581295517906,8.51011329521351,0.4282348544486926,0.011672773654859568,0.8371280742592261,7.358787299098558,0.17193342285531726,0.2692302548398298,1.0,1.0,0,0
0,0.05858782372796339,7.148009808089333,0.06606622540809974,0.04133638214328784,0.24398586912353007,11.875146257778916,1.6473942095221352,6.146553625548629,0.0,0,1.0,0
0,0.01972918962522364,4.701463216392944,1.4264687421250333,0.011475373678986914,0.033263584728812495,12.904157931146429,0.9839021179358846,6.114407175237003,0.0,0,0,1.0
1.0,0.019894157397988357,5.625199498840924,1.0537174394219593,0.029845026980282484,0.10584058210737089,0.0952008630000082,0.04280736729483613,0.09345305004433495,1.0,0,0,0
0,0.0017157963507332253,6.468903379210399,0.7448213134648154,0.046425195856471306,0.6429303792590901,4.776707010223508,4.03794927767312,17.440463300037038,1.0,1.0,0,0
0,0.050813344434365845,5.746608875433152,0.13059168934077328,0.06847540595461757,0.39505169281902663,2.6808079346889073,2.046087124626213,45.32633903806909,0.0,0,1.0,0
0,0.011186238133628498,1.2995472163890593,0.45774893513262155,0.01226283331878925,0.1010932228475142,4.186704105542797,2.8370079318136465,57.817346158755576,0.0,0,0,1.0
1.0,0.004584311459944036,20.326476447969206,0.39426732307533613,0.005201425485337697,0.35350373638764476,0.41372323947387823,0.006121961403676129,19.072224012946563,1.0,0,0,0
0,0.6873836559495945,26.505236880218938,0.9976673463404764,0.04709961768985089,1.9368009805741093,4.251670850145114,0.035376884679814015,0.472064179711403,1.0,1.0,0,0
0,0.9084896449918909,19.47310032847547,0.10756096454641186,0.2810472416337915,2.4735454900202494,0.9932668220379143,0.13702087190502027,8.290660520014187,0.0,0,1.0,0
0,0.8373590762097172,69.18395619489347,0.15170023541399325,0.24604468090099904,0.7970786608309923,2.944399725079446,0.09956326161115703,100.18454474443833,0.0,0,0,1.0
1.0,0.0038169557588737754,0.15119816103233424,0.2527942550816615,0.0046926906319979264,0.007217956807600183,0.07610139185999598,0.027820972582103122,0.008956705613183336,1.0,0,0,0
0,0.0024127491720674693,0.4137703753780966,1.4185554110457985,0.1451993569110493,0.442189258418776,5.952426019682045,4.024467221345323,8.421822489462048,1.0,1.0,0,0
0,0.002598801501194371,0.24643577044462253,0.29204758054147784,0.0024412647834092397,0.02559820088415012,1.2870229633808519,0.10859665821492484,1.4732014083896685,0.0,0,1.0,0
0,0.003287779090900859,0.13350252872909582,0.06998934126611897,0.0033491829852956845,0.041380451382895374,2.081230855764975,0.06236473480553134,1.6508148276086667,0.0,0,0,1.0
1.0,0.002696403705554507,0.08375854953006251,0.3544292129370858,0.003316216727888936,0.022138046117470594,0.14139259546654134,0.03917940558024965,0.0077655445011993295,1.0,0,0,0
0,0.00859434568523615,8.14019354862015,1.697409973347552,0.31160467043865164,1.2660787773382491,98.54094365974129,7.894840339653785,0.010876871033901506,1.0,1.0,0,0
0,0.026385499539984054,8.481367912352693,0.6601170195399041,0.03650033287392946,0.1104830236548635,0.5609253348569968,0.8231346793024904,4.762894570912412,0.0,0,1.0,0
0,0.019390292909755757,9.909713829695754,0.12227834316835107,0.024956433314856696,0.050157685726787436,0.1632728995130539,1.2223545362689443,4.608039933600977,0.0,0,0,1.0
1.0,0.004436965916127196,0.03158662482817269,0.45051406323585386,0.004136771661057148,0.31263638779209596,0.013637374598833666,0.004580980276529308,0.002425554942283987,1.0,0,0,0
0,0.012951899554545846,1.4820760441310483,0.8145355717938988,0.383692183918623,2.814148527751244,6.504849447718538,5.845286883743025,4.220146759595548,1.0,1.0,0,0
0,0.002623810469972821,0.8609252615911004,0.08569704610905683,0.0034432813024003243,0.15918004712454562,0.20455705990862247,0.623936314331145,1.1963275252215673,0.0,0,1.0,0
0,0.0068139471898217,0.7227716265780462,0.24985512707756033,0.008069637097376419,0.13613158733076242,0.2959903354065888,0.5188589959925495,1.0907928694982134,0.0,0,0,1.0
1.0,0.0017363277419019656,0.05235000342969119,0.23541702536857426,0.0020107412231702873,0.10246215773572906,0.07720483550467282,0.0013287085562414722,0.0037023680257954376,1.0,0,0,0
0,0.02832837954475088,4.937808124577958,1.6046529454553289,0.4416974235794535,0.049390089621228636,13.241571853997428,40.81724276584757,1.0451146337491644,1.0,1.0,0,0
0,0.04546852736294799,5.583195741908647,0.14748597409997793,0.0427931726470715,2.6371602234865836,2.1300416132625717,2.2304759090368793,4.769986282424803,0.0,0,1.0,0
0,0.03762316411949785,5.3600777264204655,0.10844385305888246,0.037388661944173604,2.4818448778704636,1.291137442062499,2.141944626460943,4.669332273138357,0.0,0,0,1.0
1.0,0.006366137046252158,0.16247266401880375,0.6174047178782835,0.007314040943484782,0.11945397801927819,0.07480660348522257,0.008559250779243717,0.008175100029169153,1.0,0,0,0
0,0.02072528952195196,4.852612713970274,5.894114074045227,2.452184750398586,0.21266866525414718,0.39761872783427726,5.7836467705058325,41.10453603015575,1.0,1.0,0,0
0,0.002406386300745361,2.197201796189216,3.4188299025954345,0.002153474635691841,0.07011367406203607,0.08863095081945063,0.028133085649958714,13.635746370611171,0.0,0,1.0,0
0,0.00787735792130375,2.924627751844223,1.496004052962112,0.00959934530614073,0.054376557430516795,0.28447374351108423,0.04274323348886934,12.467116436143648,0.0,0,0,1.0
1.0,0.009728135744386855,0.18522065898287918,21.38245966412915,0.020612834282432865,0.03675706206768134,0.6006539038448773,0.027814380850751854,0.08577196460791463,1.0,0,0,0
0,0.01869875102919954,1.2817084455326282,1.4476712865357495,0.09337553286023162,1.8774445189629274,0.06798024720496308,5.0176985190715095,12.065307906778473,1.0,1.0,0,0
0,0.005721386568950017,1.0549446894656218,0.33038340093269764,0.008995460899071944,0.16591209000531315,0.11240341196753928,0.12694781463139762,2.7850998739793957,0.0,0,1.0,0
0,0.008444095559224762,0.5813654124906917,13.797948188144577,0.010547467677075194,0.3337293612290454,1.0682290054423054,0.26941410780628255,1.9072320701300247,0.0,0,0,1.0
1.0,0.0016950898661329719,2.9701500037040467,1.0606386320851273,0.003808000034128913,0.10263386706705148,0.035977205285888894,0.0033542521843266493,11.237411196784853,1.0,0,0,0
0,0.004482374231078825,0.5331322918712573,0.3371273998120177,0.8409977718903916,0.7806533561301368,2.1080125643312346,8.82340792242325,2.8598741213474113,1.0,1.0,0,0
0,0.0035001628540995717,0.22408363668254194,0.07604249564264477,0.003381498945867415,0.23575932028292432,1.326868599415891,0.4682869651215855,8.893334068453576,0.0,0,1.0,0
0,0.0034209969238500506,1.9048718421966722,1.4158356454426015,0.005281734157042248,0.6557727967556589,1.804077803906289,0.3977049474001804,53.06742679511925,0.0,0,0,1.0
1.0,0.011511672395479587,6.532131067398442,7.111232602523259,0.015021925069381659,0.01709124152762513,0.15495415043429403,0.016714932000577522,0.1655289920326382,1.0,0,0,0
0,0.0015975595002800564,2.722603270901277,0.4220022911083032,0.11123955794211624,1.4257985941166638,0.12733420249442334,4.142164877460496,6.654534504790109,1.0,1.0,0,0
0,0.053311358317351516,1.7507813006341066,0.01876005392180391,0.061561349961758355,0.2661344457752437,6.002440333919202,0.4090109337931266,5.76832885874536,0.0,0,1.0,0
0,0.018755129688303767,5.612276672873116,6.837945306209836,0.019116225265153556,0.38929082544525684,3.5715819796998955,0.26504135901160364,6.839117712733201,0.0,0,0,1.0
1.0,0.028232497101087082,0.897510492404432,2.47244517215655,0.049632255678108084,0.02851909069729314,0.04280596510771111,0.002885972718623273,0.03776654201784294,1.0,0,0,0
0,0.01560756445500827,10.557340294918626,0.18777987003364852,0.054138599641132275,0.05948454729127497,6.30437792946958,0.040196092475615355,1.31357238578919,1.0,1.0,0,0
0,0.005001774094624945,7.9284613543990226,0.03122774737488561,0.009135886548675238,0.2073197955676969,2.5272363609550803,0.3273243574680567,0.05305998589318808,0.0,0,1.0,0
0,0.02571197214677573,5.259664022685174,2.6373680093699563,0.03370148335166522,0.18397423548230757,3.4638346864997223,0.3893268164012123,0.06721665121244493,0.0,0,0,1.0
1.0,0.0022728598444049057,102.76386499990235,0.4788100099454359,0.0023414827358197872,0.07719141963750527,0.05775147692366467,0.08469179783143398,0.01160705112296761,1.0,0,0,0
0,0.0005403387926701744,0.39755837198701455,0.24232013888910886,0.05034964868721732,3.1332001756913033,6.634803112239175,4.83421776812131,45.21899384386386,1.0,1.0,0,0
0,0.002492886570693893,41.27736133260839,0.019974612778684075,0.0035060794684247374,0.23181227051441752,31.528976930777134,0.553075046792815,33.98882534602001,0.0,0,1.0,0
0,0.00607574097157828,3.8936557332935995,0.49849447794158297,0.007397690347872113,0.5777070886911262,24.451816426543655,1.0873108382866803,30.92416711775113,0.0,0,0,1.0
1.0,0.003944004254879608,6.516828078152531,0.5013995059884608,0.00487320508994833,0.37431744912645787,0.28404529305976606,0.08299405000503997,0.29368623346880907,1.0,0,0,0
0,0.019141097881962457,0.0544454998194586,0.21909742476204028,0.024560998687334,4.580047506415663,4.492444327921651,0.45790336312977986,0.6769515369324314,1.0,1.0,0,0
0,0.07299938251720685,5.84627531203132,0.04469217268946457,0.05381828713997314,0.37537647600454394,6.974131738280681,1.88250414254146,0.0317135995506042,0.0,0,1.0,0
0,0.04984640055006093,6.407652102761859,0.2801204129346055,0.0321324600642343,0.0333454109592429,3.470540413801313,1.0870698824541363,0.38887090681512115,0.0,0,0,1.0
1.0,0.0032016019776757534,15.9977257916112,1.357517634062872,0.003947445342117463,0.50206681666653,0.042834507158167064,0.11647789119866872,0.7980268980042231,1.0,0,0,0
0,0.0037110203529212207,0.845029425565513,0.44814992411722654,0.056377065804497514,0.7561130321064853,4.085899391876478,4.502709951582284,26.265619285737905,1.0,1.0,0,0
0,0.010373849154076414,0.29559563571208536,0.06105276754214619,0.013810716663485727,1.538771489963414,3.742310788252031,0.9559086943307121,9.734919780807502,0.0,0,1.0,0
0,0.010513771024451585,14.550038276337178,0.8613603822868988,0.009141053926658581,0.25275194517371447,2.8434568235868922,0.40708784407307125,16.445164942618142,0.0,0,0,1.0
1.0,0.002317411962227637,7.641703434678375,0.3207093135437903,0.0024571241637530586,0.03186789954670375,0.0018695078205682447,0.012060658792428729,0.2198782787212992,1.0,0,0,0
0,0.009063473681327112,0.07421384573616457,0.4053957920197744,0.018746655847946766,1.1138998201926864,5.196322925119987,18.566422362389115,0.05733183890812284,1.0,1.0,0,0
0,0.06044578991220395,7.876993657625771,0.0659223504121374,0.04477292094922912,5.535089273086372,4.691867144442095,0.022110921405601443,1.4173687964669923,0.0,0,1.0,0
0,0.043860736744040944,1.4497683313853251,0.23365572972290824,0.031161745935573113,4.527746776109795,4.950667233199086,0.02298487571622316,0.4807712147882808,0.0,0,0,1.0
1.0,0.002321387824914957,0.36005200002468357,7.285592450658016,0.0029600902069541425,0.03802204985117485,0.009491282872881117,0.000284467724289836,0.009056004517863307,1.0,0,0,0
0,0.005928154453783716,0.7089607299667269,1.344663662450029,0.08466159256198227,322.73323343264383,4.064769424742331,44.84414374606492,0.438357450845391,1.0,1.0,0,0
0,0.005540558569142582,0.5631270628778381,0.14078893515050542,0.00464421244339087,189.07427359895212,1.7208323379667196,0.08672982632317025,4.384190195074585,0.0,0,1.0,0
0,0.010780073582741896,0.10162184279910885,5.131736184129115,0.01033076087119793,167.83912574643273,2.024719628994629,0.08714236369097472,4.279454611034884,0.0,0,0,1.0
1.0,0.0030674322587761274,0.16671625672044085,1.3263090050982493,0.003524647580253147,0.0150029395981073,0.4475079702740303,0.12882867858659616,0.010428918311196545,1.0,0,0,0
0,0.0033610689404504407,1.1865797081031337,4.481302052195748,0.11418535886404826,0.16304619556958164,5.514607549675889,11.242773760232735,1.0407101979601874,1.0,1.0,0,0
0,0.03173502537267358,0.42231491294842005,2.121473275758526,0.02973555172487216,0.08466818346358213,0.1557424119800578,0.17558742234350197,7.614312220506718,0.0,0,1.0,0
0,0.01709826534169902,0.7771527427098445,0.6863408842862554,0.014918336010428433,0.0519963860518748,1.053377188291268,0.5976865374240611,8.178857125158341,0.0,0,0,1.0
1.0,0.005389949103414716,0.13988599160236057,3.6621327270922817,0.014391663626274682,0.0546405237611916,0.9105224212425983,0.0008294974925276002,9.511334420149745e-05,1.0,0,0,0
0,0.0017777312084398477,6.617874847718895,1.9551821645506497,0.11123950835415518,0.36265752411018476,9.1459903259672,44.05278385613648,8.857969284162904,1.0,1.0,0,0
0,0.01762600964352908,5.684954682021618,0.843236969328861,0.031015374929701873,0.33865416266064086,0.5811501975606271,1.8855227386122795,5.0186771589296,0.0,0,1.0,0
0,0.005340950592521124,6.701191510439817,0.8942529541288139,0.004986668400310085,0.6768960895633203,0.16784786963505005,1.9196043179121187,5.0221852773882025,0.0,0,0,1.0
1.0,0.0038650592759235055,0.05149123459921821,2.645828454897859,0.004022487064038521,0.03005034229925101,0.16003937977251814,0.0007465125149795687,0.010372232148306225,1.0,0,0,0
0,0.0020870712427891363,1.0390224735316125,0.5561543618614478,1.541130362485209,0.17788806607981206,5.115454457117636,22.692045185305812,0.05091722934811823,1.0,1.0,0,0
0,0.01360002873538312,1.0271340744489466,1.1940070278376933,0.013830528087098497,2.3852114744004793,2.799868954819179,1.0044057082912465,4.54477240682002,0.0,0,1.0,0
0,0.0040715590067896615,1.301676452727395,3.7628822522191347,0.0050479416428922536,2.9901279117816477,1.4166782180274915,0.9539046270283673,4.718337400457472,0.0,0,0,1.0
1.0,0.0055722971773937416,0.1774424420987978,1.9104229091761376,0.006048145623950436,0.046817594772996324,0.057205406128094,0.013299707654676089,0.011989094029718327,1.0,0,0,0
0,0.0009248449444082098,0.0796240577297123,0.9983491649092882,0.15529571051887414,0.6660732544804141,44.07338226776601,3.2100895126585334,2.707223501806943,1.0,1.0,0,0
0,0.010382368940069372,0.278235848698439,0.24808018497175685,0.009391150681861873,1.9309267896585225,0.23294233748355414,0.41293453416772835,5.111172517181612,0.0,0,1.0,0
0,0.004270053303122614,0.06398789305715767,0.83851482364099,0.004276620843501343,2.695836677390102,0.46683307357464054,0.27849873073760306,4.913505339204548,0.0,0,0,1.0
1.0,0.006705777104772147,2.4375100980368942,0.7384678495275542,0.008200193398409715,0.25535269004212297,0.21630633805880825,0.06153848349817415,0.27392723662266233,1.0,0,0,0
0,0.026410857026922002,1.7090499601595053,8.17731656670365,0.7071091813381823,0.0794012173351864,0.06036490542988123,22.60745423612891,0.1832449585142958,1.0,1.0,0,0
0,0.01664204231589969,1.331168798346219,4.899688538064769,0.016251441905735693,1.2338610685331366,1.7792731012894638,0.6958685974796335,15.335318029323329,0.0,0,1.0,0
0,0.01374927443051332,0.763198129527539,6.1993381681830195,0.01330217360834082,0.3692137912811098,3.6827782684385553,0.3317851772178836,10.123628485013423,0.0,0,0,1.0
1.0,0.18178385320930926,28.30297933510704,2.0402464543156973,0.42908514518986896,0.02973395688494306,0.013778419829308677,0.011065411439371656,0.006762305761465085,1.0,0,0,0
0,0.004295178403768103,2.0984886839127457,1.3382725678016332,0.2713012530920366,1.300772855853756,4.035907421637687,1.1383754295750632,4.059346908182668,1.0,1.0,0,0
0,0.23341915799432222,29.06816695479808,0.5879562227559015,0.4862806406736397,0.14097126711366706,38.74150579636669,0.020564281793034836,0.5098068124647342,0.0,0,1.0,0
0,0.005389514147330115,0.7641164240763888,0.38114456739422,0.00358292146531547,0.28676488074143797,34.624286855341836,0.04861065148652674,0.5900497688339129,0.0,0,0,1.0
1.0,0.016280489467320018,5.9464300499606875,1.1681193672396735,0.022253997547499328,0.2809218337579593,0.0036141531802461103,0.002221179385212272,14.061034150234233,1.0,0,0,0
0,0.0012576709823076053,0.6155440656686362,5.781865020525772,0.41203237072118665,0.0610378072249715,6.398473305776739,16.827801226706484,2.995349740231807,1.0,1.0,0,0
0,0.010414421220934415,5.840081679815061,3.4647940678662854,0.018694774573184716,0.16495793922891128,2.572549105374334,0.439659680360902,4.473860617252674,0.0,0,1.0,0
0,0.0018456591569675019,0.3530233127735403,0.6825641119704896,0.0015805014605901246,0.862996175780971,2.3649167913841076,0.5047916330759379,73.46356729541671,0.0,0,0,1.0
1.0,0.006925658044748976,0.09940467369089534,0.2652419634720079,0.013039950395944694,0.012207850469182034,0.0012708238839018017,0.0021158883394625815,0.0005511412572968223,1.0,0,0,0
0,0.0016770650012685449,10.352266928346065,1.8332304058718158,0.2764485219920924,0.38483292003440106,8.562518430927511,0.29012836259811076,0.0905310763398609,1.0,1.0,0,0
0,0.004438964118537887,26.52830310797318,0.3354098153100562,0.008250145890941144,1.058796970727683,2.5369959407942133,0.05832577279025964,4.8261531325662865,0.0,0,1.0,0
0,0.002789748044716458,26.023578680845873,0.12067384675368503,0.0025131185526938225,1.2829228192868183,2.5088314075591125,0.07773448104646732,4.830342577874368,0.0,0,0,1.0
1.0,0.0060267094919742095,0.051910993502399486,0.28351983177273216,0.006092014220796571,0.5435196860505767,0.029812036433075468,0.037255026972322976,0.006155687176003583,1.0,0,0,0
0,0.004914486718631784,5.533579997867936,0.549221916010712,0.8162299279054593,1.0281503860335348,118.52845834992154,14.679514162158041,2.1778110035376104,1.0,1.0,0,0
0,0.0049379430030774725,4.631525266011166,0.11319310872532422,0.004872258393127481,15.777317882010141,2.181019455827991,0.8017400015584898,4.220026459095432,0.0,0,1.0,0
0,0.0017973108018274789,4.9420803621484,0.35441884188237543,0.0018988251106949916,6.754912013616391,1.6159578820519729,1.2265424494204316,4.172485013416736,0.0,0,0,1.0
1.0,0.0034425835634898923,0.1451344730320199,2.66759883041491,0.0029550844121788073,0.03484396249307286,0.006975956491151074,0.014162608121766713,0.03962179014810577,1.0,0,0,0
0,0.004196876394892784,4.29701943187797,0.6269767928018963,0.44795876504766,0.016872763138949445,2.445790184726098,2.3146334035341023,0.34619214083350097,1.0,1.0,0,0
0,0.00387058452130636,4.504748388518395,2.7388103911906083,0.0032448485924983688,0.3392381779946529,0.5004145401377762,1.1599915440083024,8.139823636875855,0.0,0,1.0,0
0,0.0016470880207373716,4.718046960047418,0.6099103893913234,0.0018184915654559878,0.5668115249626793,0.6231724399344208,1.448659689768672,7.1175329271430074,0.0,0,0,1.0
1.0,0.002651722772283601,0.17371414117988015,0.8707406328076089,0.0038752715762928962,0.16272774470033444,0.008939019504101982,0.0012254869499199238,0.3544376844477705,1.0,0,0,0
0,0.005149882647651014,21.17035171913373,17.15707501078601,0.14325538922147046,0.6970455484582927,0.21230633158026888,32.32284477653845,7.0071827979894685,1.0,1.0,0,0
0,0.013623527670168894,21.765552079092284,8.257513742854048,0.015511157844137454,0.3746075445321492,1.802610140671565,0.11034301247898079,4.344847479903569,0.0,0,1.0,0
0,0.0066500531186592165,20.260221808695274,5.037985500098962,0.006046411709507002,0.05622341340172619,2.067543915671385,0.11171025059064965,4.365888655854344,0.0,0,0,1.0
1.0,0.006621376236742277,2.484933952519414,17.106450772741166,0.005470982894791319,0.028008075417853807,0.35386445415469026,0.030853164452219767,2.818294443400166,1.0,0,0,0
0,0.0010540832020741982,0.8227500098813424,1.9366506145342295,0.4727892719523212,0.25038958767301567,0.755480287097064,12.784379095931394,1.7836277716379487,1.0,1.0,0,0
0,0.004514820478641399,3.118200848215273,0.4053614568199855,0.0036274440585653133,1.6520064656401516,0.14444459441230714,1.4194122848720925,5.495187541791639,0.0,0,1.0,0
0,0.002378555601947041,0.7565506098717885,11.047729319610418,0.002615301866772104,1.8965113633297426,0.9595409854845878,0.9997440960342291,16.538177758637563,0.0,0,0,1.0
1.0,0.02732821455812093,1.9732724642139792,0.403667936939561,0.018337584765675118,0.19358968478251296,0.06288446601138974,0.0631516313700589,0.35005328177644796,1.0,0,0,0
0,0.004589490076689195,6.038377174223536,1.3559454249870124,0.14067231070305813,0.4262494967510895,0.316768083099703,6.7713916032046235,1.2070662357445667,1.0,1.0,0,0
0,0.04197678696464664,5.53979165112307,0.26054771554470346,0.02681346393851997,0.3885952345260586,4.517695580040227,0.3461441349693156,0.8876362587592582,0.0,0,1.0,0
0,0.004674129493703953,5.8194660475327975,0.11568743862648836,0.003385875691309255,1.1201044208231645,6.179713356366365,0.12538434211125693,0.14968762782312983,0.0,0,0,1.0
1.0,0.0038464652915893454,16.780980549698732,2.3502847415428065,0.0053845557652482294,0.22078185972165054,0.34053775381048734,0.1744368496500341,0.03675426859669748,1.0,0,0,0
0,0.0018336400428784125,0.4554724400969896,0.6481078823835058,290.6966858682243,0.012871192054797764,5.087299747250624,9.252498742919167,1.606453004436733,1.0,1.0,0,0
0,0.010150963099822986,0.6331761479265895,0.05938257806621715,0.017051888431917295,0.036542619745165913,7.168367444036913,0.073928581322348,0.14221011002262618,0.0,0,1.0,0
0,0.0055262179027545984,21.588762209938615,2.1779201953037863,0.007499648729299855,0.2503983395063437,3.3291989837092197,0.04729036440281038,0.10685765225263771,0.0,0,0,1.0
1.0,0.018222015980343783,7.514896872920419,16.901698247268385,0.03518620900669124,0.4627637955607785,0.004382017134310506,0.046509151057396045,0.002869389257783861,1.0,0,0,0
0,0.0018060216310043966,4.4637037691638195,0.5518420120353056,0.1418489211401457,5.179043939107045,0.6146321034730577,1.6775654188939526,0.22669030448744126,1.0,1.0,0,0
0,0.05059477206036943,6.081238407811528,0.029983266692240926,0.0767493540129008,0.09276262548689937,0.7746725272836872,0.18022224869108378,0.3066787876522495,0.0,0,1.0,0
0,0.010069651474428282,0.26806484609126235,16.613120178906208,0.009911519939762295,0.1597451689761944,0.8350414613075788,0.054522673883361156,0.25222924614710523,0.0,0,0,1.0
1.0,0.005804096993898492,5.456176886182169,4.050694352639062,0.004301528623233448,0.006069255105326527,0.04600241509197755,0.012714503512133862,0.7788093473645724,1.0,0,0,0
0,0.0009913160653369508,2.318821225761553,0.7841943194125238,4.909873558118301,0.01416671164732297,4.236684154429509,25.475032684123562,18.90501550170303,1.0,1.0,0,0
0,0.009225628295189896,1.2348877539566996,0.2556777574765327,0.005514506917902475,0.1247950723649433,0.8647190189134804,0.013141131367340108,22.543177654260255,0.0,0,1.0,0
0,0.005675925250099234,4.902331364247608,2.450663504467899,0.005359516083032321,0.16291571715584532,1.3410150544691153,0.015764400779189357,8.786993700948756,0.0,0,0,1.0
1.0,0.0037111394585336434,9.216408559547757,0.25876287134643333,0.004307561350924378,0.07103798661653823,0.09517520973798117,0.12369417975313099,0.2648316302526335,1.0,0,0,0
0,0.0004551489440875843,3.9716262847017787,0.5001110039578296,0.13508580707353832,0.2467146268970807,6.895533681794019,0.0548979653895358,0.9956337928169195,1.0,1.0,0,0
0,0.004820100186106331,3.697577424820549,0.0672873620903117,0.005375492783803752,0.06958906818173909,0.1672161288309675,0.02128813780142217,0.04488825965670441,0.0,0,1.0,0
0,0.0005796847289786101,9.4752349806736,0.23101128943110455,0.0006435663514288832,0.014849585568626431,0.48064340852836324,0.1086533117990536,0.4846668303357903,0.0,0,0,1.0
1.0,0.002126233549712651,0.5158182106503618,0.12463306457334451,0.0026098556672397746,0.09839374634111998,0.3736770540426692,0.0038706749758669026,0.13030743054645363,1.0,0,0,0
0,0.007194633385345831,8.218108254659606,0.560921538137056,2.448603587245757,0.03616651027500491,30.943899710698695,21.94750423744924,9.048293573273767,1.0,1.0,0,0
0,0.0034201628415684794,7.368442961724752,0.07067460347148145,0.003722985894523578,1.5775239843186153,0.7805829354029384,0.24803236345066831,0.6675026972470035,0.0,0,1.0,0
0,0.001164484548626132,6.038441358672227,0.06296162428371083,0.0013886804203478407,0.8318815289963296,2.5196724927053555,0.3097114662979706,0.47580953887499144,0.0,0,0,1.0
1.0,0.0065210977774508225,0.16211584194025816,0.5979474459725848,0.007561384222755626,0.0021295856262757602,0.010981880583083501,0.000351177980450614,0.04936697560175897,1.0,0,0,0
0,0.0007423429053256244,3.680826665401146,367.2874395479209,0.1006484443733463,0.4709860449136236,8.445715343806727,0.2119833295176637,2.7198086808772506,1.0,1.0,0,0
0,0.003764566379813735,4.1872907061333615,196.20483612356716,0.004994786295050711,0.3376319497271488,1.584255202536799,0.04187060851078595,4.87016158823173,0.0,0,1.0,0
0,0.0016142901259279259,3.604534829407934,137.79401611032793,0.0018475826626689886,0.3631340680451465,1.8921308251125377,0.04155785293577138,5.328029145483496,0.0,0,0,1.0
1.0,0.007009613219806548,55.388195137069054,5.84432863496636,0.01297127225051149,0.21758208231544868,0.0044374278260524615,0.003465176487782028,0.8379112532248573,1.0,0,0,0
0,0.06898536371034472,4.461716432814624,4.90258610382966,0.03752311546189323,0.029654120543462722,4.9038022710234745,16.354507929286722,8.484969756765286,1.0,1.0,0,0
0,0.05125589948066314,71.05383210053105,2.0624301596190167,0.05077144376808448,0.03128586042149382,2.103114302373961,0.7171967066158524,4.8567435513416495,0.0,0,1.0,0
0,0.0736293125238497,5.373024166893512,4.426895420113721,0.08896336207121554,0.24660239589500318,2.286153399721403,0.6148693445595776,4.6609641839140865,0.0,0,0,1.0
1.0,0.0036168278589411586,0.053238479548273036,18.17097978672295,0.0035142835477596206,0.0975541346844727,0.05870814599538271,0.020478694352122916,0.061197627646267766,1.0,0,0,0
0,0.001627471664395509,6.681027244559897,1.8241968867634908,0.10334036735916619,0.1294081170446756,5.130711042742944,2.5948000114365097,14.289652775292131,1.0,1.0,0,0
0,0.00409805082476524,5.247416309652114,0.4865398584600222,0.005365711540464462,0.09095924842946247,3.3809713474013257,0.1513788293976897,5.031293043157461,0.0,0,1.0,0
0,0.008395412336782508,5.401825471778964,8.771461344974623,0.009489150604233998,0.3612589329355673,2.3431373387512364,0.07960559815272389,4.701896224181625,0.0,0,0,1.0
1.0,0.0023395139837498868,0.3786167972279698,0.6089111578909833,0.002611608557337149,0.33108854663163706,0.1063562529013704,0.006188892320424493,0.123193184675299,1.0,0,0,0
0,0.0032369483218946792,6.489190992759681,1.8775618392998887,0.32614983217677884,1.3519452268569196,171.92638351894598,0.07487211661537566,0.05786147356506622,1.0,1.0,0,0
0,0.005824789122029814,9.705967816300296,0.21046306425173292,0.004059079415630816,0.7300656034482618,1.8635619361791946,0.017755499910828632,2.5744825649238225,0.0,0,1.0,0
0,0.0033377372800441367,6.142979908121818,0.14545374987951748,0.0017373628007052906,0.09217759463129299,0.9810913100418541,0.023868128694996583,1.393041298503936,0.0,0,0,1.0
1.0,0.01228210173794094,5.35504743599035,1.1425849250569455,0.021437784601664914,0.10994123275323671,0.29762955816888426,0.07362721869744356,0.040930554520471785,1.0,0,0,0
0,0.00248397017111816,25.028426522136566,0.7611810730654759,0.08993647614007945,0.01683656793320615,16.8125082990084,1.5321989945563173,37.98349170747171,1.0,1.0,0,0
0,0.02790549374816865,12.066755862758782,0.07767173245411389,0.03849342876850353,0.04354874007058592,1.5108282929298014,0.33748405092190376,19.958995545850325,0.0,0,1.0,0
0,0.005290325514857398,16.5797684379416,0.6754454412111415,0.004427211396041803,0.2599516796274838,0.41288311858806376,0.743796713400563,16.86060575491467,0.0,0,0,1.0
1.0,0.00290488272570104,0.3222370031513269,0.41489141635758975,0.00410289892770971,0.17619523454368402,0.18846175244181343,0.0037586648625746342,15.06897485822945,1.0,0,0,0
0,0.018023862115345433,1.0531823261893385,0.5136199725363185,0.3413460281087973,0.162893746534923,23.065408743590044,0.38693470034414823,0.39531713820776887,1.0,1.0,0,0
0,0.04548474871309691,1.3367402447276253,0.031072428944971035,0.062668586288786,0.19776557334390596,1.919698392691302,0.16510550532147827,227.07559652765016,0.0,0,1.0,0
0,0.028881225924173314,1.0693015838743405,0.35646046832038525,0.03964287042612251,0.773161374790514,0.7978537425143538,0.21629542716060962,15.623091122730633,0.0,0,0,1.0
1.0,0.002097188229363354,0.2286274250771952,0.5847708206167421,0.0024973662609397563,1.320687034471369,0.007056090586769143,0.01072211064544453,0.2387696076222846,1.0,0,0,0
0,0.002337806248974822,4.929041265856325,0.47808111677740744,0.12502747127433597,3.278065027119779,14.313043594106611,5.334941636376172,10.952626778232343,1.0,1.0,0,0
0,0.0015474777881954616,4.332443166356383,0.029816062392858052,0.0021732414092302393,1.244227564265477,0.48057032758711427,0.3319662104051878,0.704425226983673,0.0,0,1.0,0
0,0.0025913065255863234,4.619805886572412,0.5346254501656319,0.003233765770675562,6.620267561817199,0.39003372569046807,0.22490621933956156,0.33736282029713277,0.0,0,0,1.0
1.0,0.0010885397328501262,0.3000287669403668,0.5902048859321612,0.001525659422002077,0.03217816001339543,0.03684072335765361,0.03179144777644094,0.0013946511415762663,1.0,0,0,0
0,0.00029490472058998234,6.326237583635851,0.4102838157895985,1.4522088333094605,0.18951809976117054,12.044940022920402,0.888150969819491,0.03614507197876452,1.0,1.0,0,0
0,0.0030246034431435876,7.900180297084695,0.08343403562728102,0.0021254722788773242,0.0278229634828674,0.5396655318244622,1.5261030169081449,17.83814429083053,0.0,0,1.0,0
0,0.001225715405151392,6.649569825623392,0.8143510903476153,0.0009919009213805688,0.04691143768510006,0.3028963772770451,2.062274033287708,17.72426713778641,0.0,0,0,1.0
1.0,0.001941755148501831,0.5464005169116437,4.080655933382774,0.0014871988732078937,0.018372440590039972,0.0031921526564190022,0.017310275365299842,0.5163011589957577,1.0,0,0,0
0,0.0003883505861827633,4.387295448545722,0.8463073442342378,0.26794505785710926,0.035678177338356654,1.633028473253929,3.6233777162512517,141.89608473513871,1.0,1.0,0,0
0,0.0033407860826945197,4.285688669364827,0.9545853906454672,0.0030846172468315183,0.030247398169540262,0.19425725984057896,1.2269352755673708,7.478206412917099,0.0,0,1.0,0
0,0.000499231537146285,5.206297090884772,6.795646165107624,0.0007297031758608225,0.07951884276241851,0.18206090067147507,1.5025277464847449,7.624422237220533,0.0,0,0,1.0
1.0,0.001286095306008443,5.4200776967845306,7.079214621608603,0.001839924603706949,0.12655977667549168,0.00215451241345065,0.001979176231009254,0.17185735289632673,1.0,0,0,0
0,0.004199648662158848,1.1692038091612893,2.0274033348224725,0.33312072488273875,0.012187988444322274,0.050685736368360074,2.2384199808867606,3.0259044050253374,1.0,1.0,0,0
0,0.0031193680556723174,7.215271000130916,0.5128659870221793,0.0032880302768574705,0.2698725672209391,0.8106917428616652,0.25628608703582395,0.14235224925756212,0.0,0,1.0,0
0,0.003369245283508942,5.18143872968861,4.999381987025184,0.004427405702921918,0.03351450239361625,0.8370010455669209,0.23827969713337738,0.05991893500954297,0.0,0,0,1.0
1.0,0.004127948002861391,0.17335786785920934,4.718156951857447,0.006708944945552252,0.007991244756226168,0.5020243237599475,0.04531863701685504,0.05560536858104805,1.0,0,0,0
0,0.004533229270808551,11.76010957745581,1.6490982074894278,0.8273038047063268,0.4701237370552104,0.12489769027147644,2.7603557468328437,35.94613859943202,1.0,1.0,0,0
0,0.0038540649739686353,7.997862005379456,0.22160049472394766,0.0030595662500337672,1.0832968060209696,0.5481617824355419,0.016320657343438343,9.141133100547275,0.0,0,1.0,0
0,0.009295234903891324,7.4621219568225285,2.8408530551817317,0.008941363049932441,1.2732882876828844,2.356125933617059,0.10203617268206154,7.848933074260243,0.0,0,0,1.0
1.0,0.002419202160533001,13.470023933047838,1.9068559824755373,0.0015901570019989236,0.04583346018390622,0.01758007308634488,0.0013345611126306916,168.81814253903428,1.0,0,0,0
0,0.0011253405283834484,31.32592536609769,0.8860736521827622,0.1451160988853115,0.251450205963314,0.1590198522792207,0.5942866748227248,20.51946007259842,1.0,1.0,0,0
0,0.004672668324164697,68.38401163487882,0.05499237324437272,0.0035877948020287625,3.5766962803025524,0.9583642765246121,0.08217694966010791,372.5552504504129,0.0,0,1.0,0
0,0.0025775018335604236,19.458884021879207,1.8855201052486559,0.002322727760221331,2.623935570467242,0.7435234528640183,0.0992999134791897,5.32292263613503,0.0,0,0,1.0
1.0,0.0008944207191396799,0.1747340670080008,1.7234846467468738,0.001070369623543174,0.0024943685678065226,0.36259404079566415,0.0019369884056724535,0.00650566847037433,1.0,0,0,0
0,0.0043007911725177215,51.33534027139756,0.7901985205035579,0.31332524589400496,0.0558080864310241,1.7395682867129765,0.15028915278330213,5.75509201952263,1.0,1.0,0,0
0,0.015502935015851062,75.24927339641519,0.07457531302241152,0.014222996333644855,0.9378327003757868,0.07970633930872885,0.05639207430840196,4.034550848384834,0.0,0,1.0,0
0,0.01182820556990436,54.408714695933945,1.175132304116786,0.010330542009004217,0.8857272609933945,0.7502774664106019,0.07487364046443658,4.025008708990387,0.0,0,0,1.0
1.0,0.003029266617203772,0.11146621722165825,1.331129124835046,0.0035351603375083952,0.026533182619415212,0.14334788627717848,0.005121252052790548,0.7044172111775037,1.0,0,0,0
0,0.0005260739974681178,0.95493207471818,1.2695135099534978,0.09773240691918039,0.03915273841075244,55.044643942002395,1.1521039707346132,20.491057114933554,1.0,1.0,0,0
0,0.0013987979128631833,0.8373128531291346,0.08588063946800711,0.002207891651658896,0.02448375402574288,0.044201836161162925,0.21803087305496605,0.5159025606254122,0.0,0,1.0,0
0,0.0058265304696747825,0.39296770555215765,0.7965778319719128,0.006988936862890962,0.09270712456673864,0.2950162448773492,0.16925435010176768,0.86837227442924,0.0,0,0,1.0
1.0,0.0008332979335415794,6.520471943038631,25.67841311569502,0.0012912214544697172,0.015274199407385926,0.16091493179297284,0.08609903653693629,0.016545045926468514,1.0,0,0,0
0,0.0005562508891856532,4.810019517439144,0.9451523633736514,0.4942205928952615,0.5463524205577847,32.42758300852298,0.013186137914521171,0.8948056053729748,1.0,1.0,0,0
0,0.0029896489196889102,0.6574298833533223,0.10094611866104768,0.0018268702209281102,0.8070250739724357,1.459215504603881,0.07191377793029809,1.2043254916185406,0.0,0,1.0,0
0,0.001578407884148659,5.095367578783694,21.862872135184443,0.0012234910964182301,0.7137065445536395,0.5961070408316121,0.01892856382863453,0.9221409859982662,0.0,0,0,1.0
1.0,0.0005032883037563517,14.05966860808462,5.484984760425945,0.0006216850084282463,0.013611742034696993,0.11454369554176258,0.03053366891587879,0.6649535157754207,1.0,0,0,0
0,0.00043087550315947464,8.944469226341008,1.3450337364165406,0.1119479702744703,0.12071826146480849,18.982398009769568,2.0426120510025334,15.406525520795306,1.0,1.0,0,0
0,0.003456402225606161,7.429943504995621,0.26883818458780134,0.003812245681975642,2.5782715921587283,0.27168242467854037,0.012513982750021403,10.9517179874414,0.0,0,1.0,0
0,0.003229979405426489,7.009458849529506,6.062630422667922,0.0022051734842129926,2.470910019334881,0.7499659463463191,0.019104540043749944,6.404581248558421,0.0,0,0,1.0
1.0,0.001720007554031084,0.11115846974727313,1.3030370959079365,0.006649408947035247,0.029415397770201062,0.49055473084763723,0.003871577751713681,7.738042738010257,1.0,0,0,0
0,0.001051752423424191,6.546524230635515,1.7581573530772132,0.328541985455856,0.0173779259465086,54.18227158369836,1.4513227089059857,1.4909978388419802,1.0,1.0,0,0
0,0.0048972739403987465,7.657772119292337,0.2730299638958389,0.005559171751329394,0.5820564606822906,0.18289103923121103,0.2971612555304065,65.98874073104392,0.0,0,1.0,0
0,0.004739593548346392,7.392102459802045,0.4876806797623043,0.004178142616442607,0.8441687034608485,1.3082947301663517,0.23597791265342774,14.511687564120633,0.0,0,0,1.0
1.0,0.0015554527425824009,0.11933229407724218,0.3827604737191541,0.0014319034087003763,0.010792984327486821,0.022749504462506103,0.010159079180279595,0.012967942291525668,1.0,0,0,0
0,0.0006099454880178193,4.291567540520357,1.090563824677533,0.11361434561580451,0.44899368733994516,17.235680686883633,0.4692487886431576,8.785873281474835,1.0,1.0,0,0
0,0.0017823427169072804,4.2706149609525985,0.2232394899557344,0.001779349714310595,0.2468444883098722,0.9004024268093876,0.9478422990862909,4.221647447324598,0.0,0,1.0,0
0,0.0026945221783207574,4.345366091481978,0.303904837102369,0.002440022586909268,0.29437667779512017,0.6247933097531013,1.1763294808268112,4.210514834199543,0.0,0,0,1.0
1.0,0.0009963995320247786,0.10938824491490325,4.398337847549487,0.001465370409721917,0.00981775448244331,0.05516614195391637,0.000857378182376408,0.6245177384839208,1.0,0,0,0
0,0.0009796421144155569,6.75766891115548,7.553754976405364,10.45193556870827,0.6434001238878628,286.26597765163103,0.6887016634917045,0.7737395703304781,1.0,1.0,0,0
0,0.0015631325241194072,4.309040027231365,5.8658050498774665,0.0023951073972241607,1.2464558867910787,0.06286236263877688,0.2751580794511459,9.321291351350183,0.0,0,1.0,0
0,0.0012549674906755955,4.529656494369942,4.934962328815693,0.0008885942645471452,1.169159102261798,0.22368106535422866,0.29003588624317145,17.450258753597936,0.0,0,0,1.0
1.0,0.0008290511641126556,0.2433944407867677,0.4199765255135961,0.0008122724091059867,0.024200582928081776,0.06402608235117338,0.004668838792722758,0.13990395920825463,1.0,0,0,0
0,0.0004973783911967147,4.625977072032072,7.258315183367145,0.1637864626881245,0.10197391075266905,4.096236197800315,0.20315705794331518,4.926373726550857,1.0,1.0,0,0
0,0.0010994535206502534,4.347285746191192,1.7735389725918969,0.0013064296134594599,0.034205819190263186,0.6379862522609139,0.9131912320750308,1.4372598592042243,0.0,0,1.0,0
0,0.0005545438329134895,4.963027203287715,0.9374291719234286,0.0005742917823516718,0.09784710080289195,0.28825173451847336,1.0207037664880063,0.665460840636213,0.0,0,0,1.0
1.0,0.0012466601352493006,5.239148403971187,4.408738483666741,0.0011857157912986774,0.042276418725318864,0.08690862264973105,0.0005226997047666053,0.1982539182559485,1.0,0,0,0
0,0.0051248366598682996,4.520747687002145,1.9971899764545153,0.8252237098319296,0.010177710161197675,0.9488416819259494,1.924139926640063,6.358332604673301,1.0,1.0,0,0
0,0.00987174361867509,4.215281892298562,0.1241143518082771,0.007151916287482591,2.27064964739499,0.1325973475842501,0.07698203681874692,1.8146278868682424,0.0,0,1.0,0
0,0.0064227357008208655,1.1279607148980795,3.1367603996267963,0.003959619048624182,1.6356984357565583,0.41949334666874255,0.08837512601216897,3.60175101251373,0.0,0,0,1.0
1.0,0.00334939896125065,7.605684576696798,6.6748112332106,0.005525800292271974,0.044924083793788684,0.010215697429958155,0.010926187127108286,0.14705033615430596,1.0,0,0,0
0,0.00022417239645783232,14.96763882631481,30.063023991711088,0.16756209694272559,0.0018778724658412528,0.6983936334071515,0.6088731010233442,2.0829845738823165,1.0,1.0,0,0
0,0.001556098841055508,33.11052693752554,14.22383038871267,0.002309916597978632,1.652941521896592,0.028924056315213692,0.12259338446216449,0.1474137838898858,0.0,0,1.0,0
0,0.0008069063077902415,8.858336838806627,5.859144414467142,0.0013805379359292569,1.09290953129637,0.015032681075584987,0.06501887668303384,0.0489249914890568,0.0,0,0,1.0
1.0,0.001381558747063514,0.24770253099339198,0.8684814948104916,0.0015075975759484559,0.0011825008814297445,0.361013104503519,0.009822802718904773,1.3650824461155373,1.0,0,0,0
0,0.0020463525081757324,0.9543810015683275,8.393181382159252,31.81837944474695,0.1394648143359005,2.6273599457676524,0.08622885860341722,7.192515621609289,1.0,1.0,0,0
0,0.006292222381164749,0.9140458193945232,3.397991195712117,0.007013323544439165,1.0855146410344565,0.16986495523846187,0.04746498136817897,0.2545274580797821,0.0,0,1.0,0
0,0.002931966462393416,0.34551026795830414,0.985357790188098,0.00332030925689476,1.1336591775412501,0.05572249468015272,0.09906196822919794,1.8111225108103548,0.0,0,0,1.0
1.0,0.0006441522293595931,10.201339687183275,225.87301199229816,0.000808240466009989,0.004979464202260521,0.007295190509599635,0.0003686194804558453,0.01548619574621855,1.0,0,0,0
0,0.0015054566525789979,0.6558253896503664,1.1533164619263618,0.16692573696981844,0.006388329948040895,0.15996799004041723,0.030828469615820937,0.31506163407581883,1.0,1.0,0,0
0,0.0011844586789208269,9.236384221814596,0.2162157492294737,0.0023259871804704713,0.534815941856738,0.30289923122303813,0.08071993502160567,29.839305268352945,0.0,0,1.0,0
0,0.00137700393989467,0.588893823212312,269.2582744179533,0.0022170784940001727,0.43207302686093596,0.2251734503740021,0.09063770770535887,26.664204838717307,0.0,0,0,1.0
1.0,0.0014350321282153352,0.15556405678200938,10.947797268466983,0.001576599699426421,0.009190192253944133,0.002860657962919707,0.01950331346861606,11.81445762174677,1.0,0,0,0
0,0.0006901175900296083,5.129339633188304,1.2585854612200098,0.4697563325894007,0.1686219239069402,0.05647734192132556,0.08438100161443557,6.53283219062494,1.0,1.0,0,0
0,0.0026393950798841424,6.12881730221699,0.195100471231081,0.0024544484496584625,0.05844751219277262,0.03510021173406907,0.18193043908029502,2.797054998125902,0.0,0,1.0,0
0,0.0004306028463777768,5.2772753114527635,8.26711386240365,0.0005004527210084865,0.02370720195200416,0.025073825382044952,0.32195649755411954,59.498372900966075,0.0,0,0,1.0
1.0,0.0012430986726053202,5.763797747777931,4.23014119240337,0.0012923000715716066,0.015607089672970269,0.056855310910179285,0.08587088072955937,1.500460346217092,1.0,0,0,0
0,0.0011124014122814868,2.6073772986678265,1.25706834662293,0.2729874727437419,0.02146893607208528,0.39574725680518014,0.7599785343476211,1.117923335081141,1.0,1.0,0,0
0,0.003331972232234166,7.443006422040151,0.17716416670624702,0.004611770075574301,0.6194312627375078,0.02622826395942304,0.10567252400731951,2.432721673237914,0.0,0,1.0,0
0,0.0017736527138115994,1.3224049931243065,4.41067513877521,0.0019767401030267016,0.8053337834501232,0.0894915998808857,0.01790303852837292,0.10702627010325413,0.0,0,0,1.0
1.0,0.0008889739373792351,5.443663564529069,10.496968992794432,0.0028100227605209038,0.05521676741329488,0.020614575831324276,0.00030519664253425387,0.9806481427322511,1.0,0,0,0
0,0.0028265760110702176,4.2957182931623,1.637373091615161,0.3953405099083091,0.026114224593599605,0.15712545337553088,1.6607321370092174,0.5343193893954529,1.0,1.0,0,0
0,0.0023496700109778192,4.339177323469189,0.13363823489661267,0.003491080788159147,0.4441696261313906,0.13145433905554493,0.047351482185096244,0.2994263704143741,0.0,0,1.0,0
0,0.002182503332496545,1.3268196069124851,11.086024865564891,0.0030127666996023345,0.18341137467022225,0.2470187261051383,0.04418992550366168,0.21636717166635258,0.0,0,0,1.0
1.0,0.0002899046789751037,0.9560938782539268,0.7725925821995152,0.0003140326230230436,0.004236415229937348,0.05393681047989601,0.03215892556625057,0.04677328717151127,1.0,0,0,0
0,0.0004395670279166373,5.349606193816208,12.765663616526385,0.42211871185947764,0.04458046191097089,0.04381936891669349,0.2516439602700964,0.21277567936221475,1.0,1.0,0,0
0,0.0004245291709879109,1.1272796500166906,5.104339162820215,0.00048704084844769453,0.3914874812204851,0.04639841293567674,0.3152252039569376,0.031371629366293244,0.0,0,1.0,0
0,0.00043321897953964305,1.5126743366549418,7.232490070985631,0.0003873741628309571,0.447732206883987,0.19145616650453526,0.1464379147033039,0.10467423645847271,0.0,0,0,1.0
1.0,0.00011825548256738645,14.491743616758209,5.993801874411262,0.0001835679890862681,0.013252468687569123,0.0012874078479937154,0.03803764933730609,0.03206914877875675,1.0,0,0,0
0,0.0002822030381157804,7.225535483411593,3.282564325305334,0.23052253727937325,0.23259583186859084,0.06960440195728644,0.5778252737704235,0.02342890112273499,1.0,1.0,0,0
0,0.0003604780521800593,9.988762619970771,5.755318661486628,0.00043417360461233106,0.7662248090167798,0.23290701912086778,0.08336913272530502,1.5135016513343775,0.0,0,1.0,0
0,0.00018580323651432728,45.010438064952915,0.15119010133695457,0.00021134310019606053,0.9803235519932104,0.264386021207996,0.2338066809328753,2.0841619149503923,0.0,0,0,1.0
1.0,0.0006317238874635503,6.083910752132145,0.15594733951511017,0.0006321647922993692,0.13043696045228237,0.021492696444932343,0.020265049990338648,0.0003504155116606001,1.0,0,0,0
0,0.006748226398934424,16.7756664444463,0.7143285879350941,0.2682104908011289,0.04288881584890305,0.03334905088519375,0.06566795511168813,0.5865582793125846,1.0,1.0,0,0
0,0.010836657435125031,7.8941305650694416,0.24367912175348594,0.008416628398205868,0.29628672364444947,1.3776254342080063,0.10646981762672462,0.7414240698160841,0.0,0,1.0,0
0,0.006916353581295982,15.247386803609194,0.30941357776852185,0.005394542546069287,0.03618368753615499,1.7659300209353443,0.037413596145516204,0.7098025199136814,0.0,0,0,1.0
1.0,0.0006897316784899339,4.910119909925265,0.21719676350556147,0.00048557579034013446,0.0018677904557015312,0.02654496529825972,0.005611085645846701,0.028050038734308367,1.0,0,0,0
0,0.0031012431346315976,4.6091728762783735,0.5961046822162208,0.27378493800822196,0.06749421957286175,0.12823698212652748,0.16970673431827626,0.09449371419587997,1.0,1.0,0,0
0,0.0016319706706210413,4.601517176029855,0.1835099300175765,0.001985423227277768,0.06174464860719579,1.6181930891923624,0.0258720731891254,3.1661065093241287,0.0,0,1.0,0
0,0.0038522109283759824,1.6459217464995484,0.5834568084443613,0.003645972293633019,0.04433794893938186,1.179220204846148,0.023563001725147813,2.4418901640319817,0.0,0,0,1.0
1.0,0.0002654916471221681,6.69967455535312,7.36585696011537,0.0011317006912847406,0.023796474917633585,0.012495881182668638,0.035333395411854845,0.00981257110882264,1.0,0,0,0
0,0.00019113024041081126,6.197213699641907,1.4046293224246826,0.8589028814446567,0.026320858717195847,0.31682627457785173,0.01394783724442577,1.1501076997852253,1.0,1.0,0,0
0,0.0003200118125440829,5.5887144152620385,7.2558478650401215,0.00025391158147145644,0.23208572772463207,0.4151517391921002,0.05143940574073171,0.1380557242127826,0.0,0,1.0,0
0,0.00017629917777700087,3.424513855532828,0.4207038575672095,0.0007469408133872011,0.401299330864454,0.5768303464037982,0.16527269151092538,0.07997838955237446,0.0,0,0,1.0
1.0,0.0004778728698540274,0.55629941580507,2.805099164479847,0.0008869827882504879,0.02466281599519159,0.021711250529704382,0.002946719781624864,0.05194950717893345,1.0,0,0,0
0,0.0001572613857912119,5.677564897895694,3.9647134032708697,0.20247645107962445,0.07607810684709161,0.7709234261319011,0.06707787586978628,0.506933928586526,1.0,1.0,0,0
0,0.0022070655756895614,0.9588056288932844,1.3982093377487568,0.0030174691741758908,0.03935759536925717,0.7262628999123325,0.04416624655050176,0.12029250307539543,0.0,0,1.0,0
0,0.0009018159993535895,0.37001290077628163,0.5664461003263332,0.0008698945847335813,0.013496646287829374,1.0176660070449026,0.03115037735701096,0.02082141091617182,0.0,0,0,1.0
1.0,0.00040990869670254793,0.4223301805490718,0.9283109488695511,0.000387691897427535,0.02685236457392255,0.004964682764009656,0.010897845852175942,0.12117086012691364,1.0,0,0,0
0,0.0004431404756417567,4.502745761067799,9.559311499924057,0.5908556027283399,0.029743266714474564,1.4031872182189162,0.054175048079449194,0.06329644418088345,1.0,1.0,0,0
0,0.0006631174346560673,1.5151739189880713,4.771809269010522,0.001282430868021689,0.17311954729994072,0.05323872571418463,0.009149099099596153,0.03391367810933851,0.0,0,1.0,0
0,0.0007727106801045181,0.9290729683167798,4.954451467229054,0.0010579440086422676,0.27706261904445234,0.09030399664241277,0.02254336919069068,0.040790277376023754,0.0,0,0,1.0
1.0,0.0005643764966815691,22.58587037088956,0.5029796984809904,0.0005541365670492845,0.015916478242152633,0.02596643201866029,0.07771622967380215,0.05204758906979235,1.0,0,0,0
0,0.0005946526417909337,4.447458594490483,28.349527936319706,0.23010718159643936,0.009959872533353445,0.7620133654161981,0.0031192707696058326,0.011245277545932394,1.0,1.0,0,0
0,0.0016743301466539489,44.92493119868066,11.153146530289886,0.001954218942363514,0.022695828770244175,0.17366259642823528,0.1680161024900735,0.5757668568247217,0.0,0,1.0,0
0,0.0005957928413880656,1.6598929253186705,7.443214702836829,0.0008159459259792426,0.035921076138917464,0.3026289061178129,0.02000890528597188,1.0091584909947782,0.0,0,0,1.0
1.0,0.0005440461390575731,0.38665182422457417,11.716293663129898,0.0002711098783771156,0.00018305306882963334,0.14938924539200873,0.026197207323949222,0.00035981648784118954,1.0,0,0,0
0,8.596828871425964e-05,1.3672538742716647,16.040114350040927,0.35275233871759054,0.00851857002433601,0.17094358991015965,0.36845127736432776,0.12362824499878976,1.0,1.0,0,0
0,0.00019077471843255796,0.3889411086711879,9.740486497606323,0.00010988958784037565,0.20953825318356825,0.015666574221928527,0.5423478761417582,0.607525859680507,0.0,0,1.0,0
0,0.00012701905266097345,0.6490410933850077,4.7980244095924585,8.46880813080237e-05,0.21651517785795948,0.19689436701186508,0.81810932069062,0.5835194127619788,0.0,0,0,1.0
